nt,sc,sp
NEUTE1DRAFT_111453,YKL055C,SPOM_SPAC3G9.02
NEUTE1DRAFT_144560,YDR477W,SPOM_SPCC74.03C
NEUTE1DRAFT_75445,YKL116C,SPOM_SPBC337.04
NEUTE1DRAFT_129656,YPL209C,SPOM_SPCC320.13C
NEUTE1DRAFT_64192,YPL265W,SPOM_SPCC777.04
NEUTE1DRAFT_79375,YFL055W,SPOM_SPCC965.11C
NEUTE1DRAFT_81600,YER061C,SPOM_SPBC887.13C
NEUTE1DRAFT_81560,YPR186C,SPOM_SPAC144.09C
NEUTE1DRAFT_128675,YER013W,SPOM_SPAC10F6.02C
NEUTE1DRAFT_64944,YGL120C,SPOM_SPBC16H5.10C
NEUTE1DRAFT_93323,YKL078W,SPOM_SPAC2G11.11C
NEUTE1DRAFT_127148,YNR011C,SPOM_SPBC19C2.01
NEUTE1DRAFT_133455,YKR086W,SPOM_SPBC1711.17
NEUTE1DRAFT_149749,YBL063W,SPOM_SPAC25G10.07C
NEUTE1DRAFT_91948,YPL155C,SPOM_SPBC1604.20C
NEUTE1DRAFT_120280,YDL108W,SPOM_SPBC19F8.07
NEUTE1DRAFT_87303,YBR160W,SPOM_SPBC11B10.09
NEUTE1DRAFT_63958,YPL031C,SPOM_SPCC16C4.11
NEUTE1DRAFT_119750,YKL139W,SPOM_SPAC2F3.15
NEUTE1DRAFT_135230,YBR114W,SPOM_SPCC330.01C
NEUTE1DRAFT_109071,YNL090W,SPOM_SPAC16.01
NEUTE1DRAFT_106477,YIL118W,SPOM_SPAC23C4.08
NEUTE1DRAFT_81132,YLR229C,SPOM_SPAC110.03
NEUTE1DRAFT_78263,YNL274C,SPOM_SPACUNK4.10
NEUTE1DRAFT_118240,YNL111C,SPOM_SPCC16A11.10C
NEUTE1DRAFT_65925,YER073W,SPOM_SPAC9E9.09C
NEUTE1DRAFT_61827,YLR262C,SPOM_SPAC4C5.02C
NEUTE1DRAFT_146975,YFL038C,SPOM_SPBC1703.10
NEUTE1DRAFT_78959,YFL005W,SPOM_SPAC9E9.07C
NEUTE1DRAFT_82975,YKL073W,SPOM_SPAC1F5.06
NEUTE1DRAFT_69229,YJL034W,SPOM_SPAC22A12.15C
NEUTE1DRAFT_91358,YGR159C,SPOM_SPAC140.02
NEUTE1DRAFT_56573,YOL123W,SPOM_SPBC660.15
NEUTE1DRAFT_133987,YDR243C,SPOM_SPCC63.11
NEUTE1DRAFT_118809,YDR139C,SPOM_SPBC12D12.08C
NEUTE1DRAFT_93126,YMR293C,SPOM_SPBC646.03
NEUTE1DRAFT_80270,YDR242W,SPOM_SPBPB8B6.03
NEUTE1DRAFT_56861,YKR001C,SPOM_SPAC767.01C
NEUTE1DRAFT_91539,YLL001W,SPOM_SPBC12C2.08
NEUTE1DRAFT_79797,YOR007C,SPOM_SPAC1142.02C
NEUTE1DRAFT_62836,YDL126C,SPOM_SPAC1565.08
NEUTE1DRAFT_83961,YLL034C,SPOM_SPBC16E9.10C
NEUTE1DRAFT_70135,YKL197C,SPOM_SPCC553.03
NEUTE1DRAFT_76844,YOR037W,SPOM_SPAC17H9.12C
NEUTE1DRAFT_125480,YBR192W,SPOM_SPAC688.09
NEUTE1DRAFT_75375,YIL134W,SPOM_SPBC27B12.09C
NEUTE1DRAFT_68293,YBR062C,SPOM_SPAP32A8.03C
NEUTE1DRAFT_127149,YMR214W,SPOM_SPBC1347.05C
NEUTE1DRAFT_125822,YNL064C,SPOM_SPBC1734.11
NEUTE1DRAFT_129931,YLR090W,SPOM_SPBC405.06
NEUTE1DRAFT_148817,YPR011C,SPOM_SPAPB17E12.12C
NEUTE1DRAFT_132977,YGR096W,SPOM_SPBC1604.04
NEUTE1DRAFT_83558,YNL083W,SPOM_SPBC12D12.05C
NEUTE1DRAFT_115991,YHR107C,SPOM_SPAC9G1.11C
NEUTE1DRAFT_84780,YCR002C,SPOM_SPAC821.06
NEUTE1DRAFT_14194,YLR314C,SPOM_SPAC4F10.11
NEUTE1DRAFT_84638,YDL047W,SPOM_SPCC1739.12
NEUTE1DRAFT_120821,YNR032W,SPOM_SPAC22H10.04
NEUTE1DRAFT_99301,YDR075W,SPOM_SPBC26H8.05C
NEUTE1DRAFT_65174,YDL124W,SPOM_SPAC19G12.09
NEUTE1DRAFT_85203,YKR017C,SPOM_SPAC328.02
NEUTE1DRAFT_130555,YJR036C,SPOM_SPBP8B7.27
NEUTE1DRAFT_66778,YBR126C,SPOM_SPAC328.03
NEUTE1DRAFT_74189,YBR260C,SPOM_SPBC23G7.08C
NEUTE1DRAFT_132518,YDR092W,SPOM_SPAC11E3.04C
NEUTE1DRAFT_57702,YDR177W,SPOM_SPBC2D10.20
NEUTE1DRAFT_130561,YJL183W,SPOM_SPBC8D2.17
NEUTE1DRAFT_148094,YBL060W,SPOM_SPAC11E3.11C
NEUTE1DRAFT_125257,YDR198C,SPOM_SPCC1223.04C
NEUTE1DRAFT_79962,YGL215W,SPOM_SPBC1D7.03
NEUTE1DRAFT_115707,YFL039C,SPOM_SPBC32H8.12C
NEUTE1DRAFT_87463,YLR085C,SPOM_SPCC550.12
NEUTE1DRAFT_69448,YMR146C,SPOM_SPAC4D7.05
NEUTE1DRAFT_65869,YFL002C,SPOM_SPBC24C6.02
NEUTE1DRAFT_107425,YDR021W,SPOM_SPAC1F5.10
NEUTE1DRAFT_105770,YJR143C,SPOM_SPBC16C6.09
NEUTE1DRAFT_116148,YMR307W,SPOM_SPAC19B12.02C
NEUTE1DRAFT_69488,YLR216C,SPOM_SPAC1B3.03C
NEUTE1DRAFT_115915,YDR155C,SPOM_SPBP8B7.25
NEUTE1DRAFT_118585,YML078W,SPOM_SPBC28F2.03
NEUTE1DRAFT_72221,YGL167C,SPOM_SPBC31E1.02C
NEUTE1DRAFT_124685,YFL037W,SPOM_SPBC26H8.07C
NEUTE1DRAFT_69297,YLR212C,SPOM_SPBC32F12.04
NEUTE1DRAFT_57811,YLR345W,SPOM_SPAC144.17C
NEUTE1DRAFT_83096,YJL155C,SPOM_SPAC732.02C
NEUTE1DRAFT_114358,YBR274W,SPOM_SPCC1259.13
NEUTE1DRAFT_81372,YHR082C,SPOM_SPBC16E9.13
NEUTE1DRAFT_133299,YPL242C,SPOM_SPAC4F8.13C
NEUTE1DRAFT_118751,YDL137W,SPOM_SPBC4F6.18C
NEUTE1DRAFT_42617,YIL046W,SPOM_SPAC57A10.05C
NEUTE1DRAFT_125205,YFL021W,SPOM_SPCC1902.01
NEUTE1DRAFT_92974,YJL128C,SPOM_SPBC409.07C
NEUTE1DRAFT_34238,YDL159W,SPOM_SPAC1D4.13
NEUTE1DRAFT_82484,YMR297W,SPOM_SPAC19G12.10C
NEUTE1DRAFT_59862,YGL106W,SPOM_SPAP8A3.08
NEUTE1DRAFT_143897,YCR027C,SPOM_SPBC428.16C
NEUTE1DRAFT_85055,YKL209C,SPOM_SPBC25B2.02C
NEUTE1DRAFT_72136,YMR313C,SPOM_SPCC1450.16C
NEUTE1DRAFT_92837,YPL015C,SPOM_SPCC132.02
NEUTE1DRAFT_82536,YGL023C,SPOM_SPBC9B6.03
NEUTE1DRAFT_128223,YDR323C,SPOM_SPAC17G6.08
NEUTE1DRAFT_71960,YDR313C,SPOM_SPBC36B7.05C
NEUTE1DRAFT_130629,YOR307C,SPOM_SPBC83.11
NEUTE1DRAFT_61275,YNL161W,SPOM_SPAC821.12
NEUTE1DRAFT_93201,YHR090C,SPOM_SPAC3G9.08
NEUTE1DRAFT_78866,YMR167W,SPOM_SPBC1703.04
NEUTE1DRAFT_117282,YIL099W,SPOM_SPBC14C8.05C
NEUTE1DRAFT_145437,YLR137W,SPOM_SPCC4G3.16
NEUTE1DRAFT_62928,YOR236W,SPOM_SPCC1223.08C
NEUTE1DRAFT_88085,YHL007C,SPOM_SPBC1604.14C
NEUTE1DRAFT_89942,YOR288C,SPOM_SPAC13F5.05
NEUTE1DRAFT_118735,YCL043C,SPOM_SPAC1F5.02
NEUTE1DRAFT_144670,YPL259C,SPOM_SPBP16F5.07
NEUTE1DRAFT_128072,YOL062C,SPOM_SPAC31A2.09C
NEUTE1DRAFT_80573,YDL132W,SPOM_SPAC17G6.12
NEUTE1DRAFT_91974,YGL116W,SPOM_SPAC821.08C
NEUTE1DRAFT_91023,YLR023C,SPOM_SPAC30D11.11
NEUTE1DRAFT_63748,YCL032W,SPOM_SPAC1565.04C
NEUTE1DRAFT_71737,YCL029C,SPOM_SPAC3C7.12
NEUTE1DRAFT_147155,YNL148C,SPOM_SPAC13D6.05
NEUTE1DRAFT_116275,YOR292C,SPOM_SPAC3G6.05
NEUTE1DRAFT_87204,YER165W,SPOM_SPAC57A7.04C
NEUTE1DRAFT_90856,YKL064W,SPOM_SPAC17A2.14
NEUTE1DRAFT_82209,YAL026C,SPOM_SPBC887.12
NEUTE1DRAFT_58270,YNL246W,SPOM_SPBC36B7.08C
NEUTE1DRAFT_131932,YKL090W,SPOM_SPCC1235.03
NEUTE1DRAFT_81258,YCR008W,SPOM_SPAC29A4.16
NEUTE1DRAFT_150197,YDR162C,SPOM_SPCC24B10.13
NEUTE1DRAFT_70119,YJL012C,SPOM_SPCC1322.14C
NEUTE1DRAFT_75235,YNL192W,SPOM_SPAC13G6.12C
NEUTE1DRAFT_38010,YFL029C,SPOM_SPAC1D4.06C
NEUTE1DRAFT_108173,YLR182W,SPOM_SPBC336.12C
NEUTE1DRAFT_73152,YJR109C,SPOM_SPBC215.08C
NEUTE1DRAFT_126732,YBR115C,SPOM_SPAP7G5.04C
NEUTE1DRAFT_80570,YER020W,SPOM_SPAC23H3.13C
NEUTE1DRAFT_97364,YHR030C,SPOM_SPBC119.08
NEUTE1DRAFT_92606,YGR276C,SPOM_SPAC637.09
NEUTE1DRAFT_66489,YHR098C,SPOM_SPBC4.03C
NEUTE1DRAFT_91925,YPL050C,SPOM_SPAC4F10.10C
NEUTE1DRAFT_93253,YJL194W,SPOM_SPBC14C8.07C
NEUTE1DRAFT_118048,YER009W,SPOM_SPAC15F9.03C
NEUTE1DRAFT_122532,YNR051C,SPOM_SPBP8B7.11
NEUTE1DRAFT_60401,YNL084C,SPOM_SPBC11G11.02C
NEUTE1DRAFT_62564,YIR006C,SPOM_SPAC25G10.09C
NEUTE1DRAFT_126151,YKL194C,SPOM_SPAC24C9.09
NEUTE1DRAFT_86026,YIL078W,SPOM_SPBC25H2.02
NEUTE1DRAFT_73389,YGL043W,SPOM_SPAC20H4.03C
NEUTE1DRAFT_88328,YKL005C,SPOM_SPCC645.13
NEUTE1DRAFT_87638,YGL019W,SPOM_SPBC2G5.02C
NEUTE1DRAFT_91678,YOR039W,SPOM_SPAC1851.03
NEUTE1DRAFT_79503,YDR373W,SPOM_SPAC18B11.04
NEUTE1DRAFT_57442,YNL167C,SPOM_SPBC29B5.01
NEUTE1DRAFT_60133,YDR142C,SPOM_SPAC17D4.01
NEUTE1DRAFT_93452,YOL138C,SPOM_SPAC4F8.11
NEUTE1DRAFT_124821,YML127W,SPOM_SPBC1703.02
NEUTE1DRAFT_86802,YPL016W,SPOM_SPBC30B4.04C
NEUTE1DRAFT_116929,YGR193C,SPOM_SPCC1259.09C
NEUTE1DRAFT_128255,YNL071W,SPOM_SPCC794.07
NEUTE1DRAFT_147047,YDL077C,SPOM_SPAC23H4.14
NEUTE1DRAFT_56802,YDR495C,SPOM_SPCC364.05
NEUTE1DRAFT_82679,YDL001W,SPOM_SPCC16C4.01
NEUTE1DRAFT_133076,YFR048W,SPOM_SPAC12G12.15
NEUTE1DRAFT_80536,YMR135C,SPOM_SPAC12B10.13
NEUTE1DRAFT_57335,YGL227W,SPOM_SPCC1259.12C
NEUTE1DRAFT_74353,YBR136W,SPOM_SPBC216.05
NEUTE1DRAFT_63387,YBL088C,SPOM_SPCC23B6.03C
NEUTE1DRAFT_118808,YGR231C,SPOM_SPCC1322.16
NEUTE1DRAFT_119422,YGR132C,SPOM_SPAC1782.06C
NEUTE1DRAFT_149152,YPL226W,SPOM_SPAC3C7.08C
NEUTE1DRAFT_116274,YNL014W,SPOM_SPCC417.08
NEUTE1DRAFT_60563,YHR065C,SPOM_SPAC823.08C
NEUTE1DRAFT_83030,YNR038W,SPOM_SPCC285.03
NEUTE1DRAFT_90311,YFL017W-A,SPOM_SPBC4B4.05
NEUTE1DRAFT_53111,YNL147W,SPOM_SPCC285.12
NEUTE1DRAFT_88806,YCR092C,SPOM_SPAC8F11.03
NEUTE1DRAFT_124150,YDR097C,SPOM_SPCC285.16C
NEUTE1DRAFT_69865,YMR301C,SPOM_SPAC15A10.01
NEUTE1DRAFT_84654,YBL037W,SPOM_SPBC691.03C
NEUTE1DRAFT_75495,YPR029C,SPOM_SPCP1E11.06
NEUTE1DRAFT_121216,YFL053W,SPOM_SPAC977.16C
NEUTE1DRAFT_58250,YML070W,SPOM_SPAC22A12.11
NEUTE1DRAFT_117965,YMR116C,SPOM_SPAC6B12.15
NEUTE1DRAFT_122933,YOL087C,SPOM_SPAC31A2.14
NEUTE1DRAFT_121976,YLR362W,SPOM_SPBC1D7.05
NEUTE1DRAFT_86337,YJL095W,SPOM_SPAC1F3.02C
NEUTE1DRAFT_131586,YOR275C,SPOM_SPAC2G11.05C
NEUTE1DRAFT_60990,YPL084W,SPOM_SPAC17G6.05C
NEUTE1DRAFT_82458,YDL216C,SPOM_SPAC1687.13C
NEUTE1DRAFT_118616,YFR004W,SPOM_SPAC31G5.13
NEUTE1DRAFT_128536,YGL125W,SPOM_SPAC56F8.10
NEUTE1DRAFT_57029,YPL023C,SPOM_SPAC343.10
NEUTE1DRAFT_122516,YPR180W,SPOM_SPAC4C5.04
NEUTE1DRAFT_128903,YPL003W,SPOM_SPAC323.06C
NEUTE1DRAFT_126385,YER172C,SPOM_SPAC9.03C
NEUTE1DRAFT_121019,YGR271W,SPOM_SPBC13G1.10C
NEUTE1DRAFT_76481,YGR173W,SPOM_SPBC354.01
NEUTE1DRAFT_82292,YAL036C,SPOM_SPAC9.07C
NEUTE1DRAFT_79644,YJR058C,SPOM_SPBC685.04C
NEUTE1DRAFT_98501,YLR170C,SPOM_SPAP27G11.06C
NEUTE1DRAFT_115855,YEL027W,SPOM_SPAC1B3.14
NEUTE1DRAFT_93137,YPL234C,SPOM_SPAC732.01
NEUTE1DRAFT_117841,YLR304C,SPOM_SPAC24C9.06C
NEUTE1DRAFT_75176,YJL200C,SPOM_SPBP4H10.15
NEUTE1DRAFT_132812,YNL330C,SPOM_SPBC36.05C
NEUTE1DRAFT_133995,YGL194C,SPOM_SPAC3G9.07C
NEUTE1DRAFT_67673,YGL155W,SPOM_SPAC2E1P5.04C
NEUTE1DRAFT_88206,YDL090C,SPOM_SPAC17G6.04C
NEUTE1DRAFT_122850,YGL073W,SPOM_SPAC2E12.02
NEUTE1DRAFT_67259,YHR206W,SPOM_SPAC8C9.14
NEUTE1DRAFT_96889,YDR378C,SPOM_SPAC2F3.17C
NEUTE1DRAFT_83630,YPR182W,SPOM_SPBC3E7.14
NEUTE1DRAFT_118602,YNL037C,SPOM_SPAC11G7.03
NEUTE1DRAFT_116362,YOR136W,SPOM_SPBC902.05C
NEUTE1DRAFT_120957,YDR194C,SPOM_SPBC691.04
NEUTE1DRAFT_83093,YMR290C,SPOM_SPAC1F7.02C
NEUTE1DRAFT_90962,YPL152W,SPOM_SPAC1782.05
NEUTE1DRAFT_148550,YIL153W,SPOM_SPAC4F10.04
NEUTE1DRAFT_147635,YPR037C,SPOM_SPBC146.04
NEUTE1DRAFT_123953,YGR029W,SPOM_SPAC3G6.08
NEUTE1DRAFT_121518,YJL102W,SPOM_SPBC660.10
NEUTE1DRAFT_150701,YLR069C,SPOM_SPBC1306.01C
NEUTE1DRAFT_64543,YMR029C,SPOM_SPBC1773.01
NEUTE1DRAFT_143737,YNL006W,SPOM_SPBC21B10.05C
NEUTE1DRAFT_129263,YOR144C,SPOM_SPBC947.11C
NEUTE1DRAFT_65451,YOR217W,SPOM_SPBC23E6.07C
NEUTE1DRAFT_85450,YKL135C,SPOM_SPBC947.02
NEUTE1DRAFT_129184,YJR005W,SPOM_SPBC2G2.06C
NEUTE1DRAFT_53072,YDR397C,SPOM_SPBC30D10.02
NEUTE1DRAFT_142612,YDR121W,SPOM_SPBC3D6.09
NEUTE1DRAFT_89416,YLR246W,SPOM_SPBC3H7.09
NEUTE1DRAFT_87709,YDR126W,SPOM_SPBC13G1.07
NEUTE1DRAFT_81704,YLL026W,SPOM_SPBC16D10.08C
NEUTE1DRAFT_91940,YDR258C,SPOM_SPBC4F6.17C
NEUTE1DRAFT_121413,YML097C,SPOM_SPBC4F6.10
NEUTE1DRAFT_71397,YKL212W,SPOM_SPBC19F5.03
NEUTE1DRAFT_124463,YER162C,SPOM_SPAC12B10.12C
NEUTE1DRAFT_79931,YDL238C,SPOM_SPCC1672.03C
NEUTE1DRAFT_116455,YDR454C,SPOM_SPBC1198.05
NEUTE1DRAFT_121916,YPL184C,SPOM_SPAC2F7.11
NEUTE1DRAFT_87826,YDR037W,SPOM_SPBC17G9.03C
NEUTE1DRAFT_97710,YHR009C,SPOM_SPAC1F5.03C
NEUTE1DRAFT_78242,YLR027C,SPOM_SPAC10F6.13C
NEUTE1DRAFT_41251,YDL164C,SPOM_SPAC20G8.01
NEUTE1DRAFT_84229,YOL095C,SPOM_SPBC336.01
NEUTE1DRAFT_142084,YGR252W,SPOM_SPAC1952.05
NEUTE1DRAFT_40829,YMR035W,SPOM_SPBC336.13C
NEUTE1DRAFT_128191,YDL205C,SPOM_SPAC24B11.13
NEUTE1DRAFT_122264,YLL019C,SPOM_SPAC1D4.11C
NEUTE1DRAFT_76608,YLR105C,SPOM_SPAPB17E12.07C
NEUTE1DRAFT_69197,YOR085W,SPOM_SPAPB17E12.11
NEUTE1DRAFT_86983,YBR282W,SPOM_SPAC3A12.19
NEUTE1DRAFT_128096,YDR116C,SPOM_SPAC1610.02C
NEUTE1DRAFT_129596,YMR059W,SPOM_SPAC959.10
NEUTE1DRAFT_74692,YPR170W-B,SPOM_SPAC2F3.18C
NEUTE1DRAFT_126230,YHR070W,SPOM_SPAPB18E9.01
NEUTE1DRAFT_145545,YNL325C,SPOM_SPAC1093.03
NEUTE1DRAFT_18544,YBR233W-A,SPOM_SPAC14C4.16
NEUTE1DRAFT_144699,YGL150C,SPOM_SPAC29B12.01
NEUTE1DRAFT_126254,YDL116W,SPOM_SPBC428.01C
NEUTE1DRAFT_74112,YLR127C,SPOM_SPBP23A10.04
NEUTE1DRAFT_146991,YCR090C,SPOM_SPBC2D10.03C
NEUTE1DRAFT_73667,YMR048W,SPOM_SPBC30D10.04
NEUTE1DRAFT_139830,YGL232W,SPOM_SPBC25H2.10C
NEUTE1DRAFT_51737,YDL105W,SPOM_SPBC20F10.04C
NEUTE1DRAFT_77239,YLR355C,SPOM_SPBC56F2.12
NEUTE1DRAFT_96584,YMR225C,SPOM_SPBC56F2.14
NEUTE1DRAFT_109968,YDR169C,SPOM_SPBC1652.01
NEUTE1DRAFT_82464,YAL020C,SPOM_SPAC10F6.04
NEUTE1DRAFT_116973,YGL234W,SPOM_SPBC405.01
NEUTE1DRAFT_70442,YJR034W,SPOM_SPBC16A3.16
NEUTE1DRAFT_82583,YJL207C,SPOM_SPBC27B12.08
NEUTE1DRAFT_79916,YGL137W,SPOM_SPBC16C6.13C
NEUTE1DRAFT_96196,YFR033C,SPOM_SPBC16C6.08C
NEUTE1DRAFT_123651,YDR364C,SPOM_SPBC6B1.10
NEUTE1DRAFT_119518,YMR289W,SPOM_SPBC19G7.02
NEUTE1DRAFT_115703,YOL129W,SPOM_SPBC8D2.02C
NEUTE1DRAFT_150819,YOR196C,SPOM_SPBC8D2.15
NEUTE1DRAFT_131300,YCR061W,SPOM_SPBC3B8.06
NEUTE1DRAFT_98283,YBR235W,SPOM_SPBC18H10.16
NEUTE1DRAFT_146910,YMR193W,SPOM_SPBC14C8.10
NEUTE1DRAFT_89133,YDR049W,SPOM_SPCC1827.04
NEUTE1DRAFT_77740,YJR057W,SPOM_SPCC70.07C
NEUTE1DRAFT_80529,YNR012W,SPOM_SPCC162.11C
NEUTE1DRAFT_150414,YDR404C,SPOM_SPACUNK4.06C
NEUTE1DRAFT_117110,YJL189W,SPOM_SPCC663.04
NEUTE1DRAFT_61395,YFR025C,SPOM_SPCC1672.01
NEUTE1DRAFT_121250,YDR332W,SPOM_SPBC11C11.11C
NEUTE1DRAFT_143802,YPR055W,SPOM_SPCC970.09
NEUTE1DRAFT_88199,YDL055C,SPOM_SPCC1906.01
NEUTE1DRAFT_132027,YBR236C,SPOM_SPCC330.10
NEUTE1DRAFT_72703,YHR037W,SPOM_SPBC24C6.04
NEUTE1DRAFT_123928,YDL146W,SPOM_SPBC24C6.10C
NEUTE1DRAFT_82175,YDR280W,SPOM_SPCC757.08
NEUTE1DRAFT_145493,YNL265C,SPOM_SPCC1442.17C
NEUTE1DRAFT_35711,YKL059C,SPOM_SPBP8B7.15C
NEUTE1DRAFT_125733,YKL144C,SPOM_SPBC2G5.07C
NEUTE1DRAFT_38258,YPL093W,SPOM_SPBC651.01C
NEUTE1DRAFT_75098,YNL126W,SPOM_SPBC428.20C
NEUTE1DRAFT_79528,YKL210W,SPOM_SPBC1604.21C
NEUTE1DRAFT_147668,YDR334W,SPOM_SPAC11E3.01C
NEUTE1DRAFT_60225,YMR284W,SPOM_SPCC126.02C
NEUTE1DRAFT_127151,YNL242W,SPOM_SPBC31E1.01C
NEUTE1DRAFT_134522,YGR031W,SPOM_SPAC22H12.03
NEUTE1DRAFT_90737,YDR488C,SPOM_SPBC646.17C
NEUTE1DRAFT_148981,YGR135W,SPOM_SPAC13C5.01C
NEUTE1DRAFT_88303,YBR004C,SPOM_SPAC18B11.05
NEUTE1DRAFT_126555,YMR036C,SPOM_SPAC24H6.05
NEUTE1DRAFT_122147,YBL104C,SPOM_SPAC12G12.01C
NEUTE1DRAFT_146595,YDR062W,SPOM_SPAC21E11.08
NEUTE1DRAFT_134053,YKL125W,SPOM_SPAC18G6.11C
NEUTE1DRAFT_61458,YNL139C,SPOM_SPAC1D4.14
NEUTE1DRAFT_81283,YOL049W,SPOM_SPAC3F10.04
NEUTE1DRAFT_85806,YGR277C,SPOM_SPAC1F12.08
NEUTE1DRAFT_80939,YMR038C,SPOM_SPAC22E12.04
NEUTE1DRAFT_150059,YLR151C,SPOM_SPAC6G9.05
NEUTE1DRAFT_91283,YPL120W,SPOM_SPAC20G8.10C
NEUTE1DRAFT_48460,YIL154C,SPOM_SPAC167.05
NEUTE1DRAFT_69954,YDR322W,SPOM_SPBC2F12.10
NEUTE1DRAFT_116371,YER112W,SPOM_SPBC30D10.06
NEUTE1DRAFT_119178,YJL179W,SPOM_SPBC1D7.01
NEUTE1DRAFT_118239,YML126C,SPOM_SPAC4F8.14C
NEUTE1DRAFT_90147,YLR459W,SPOM_SPAC1952.01
NEUTE1DRAFT_59372,YJL172W,SPOM_SPAC24C9.08
NEUTE1DRAFT_143781,YMR300C,SPOM_SPAC4D7.08C
NEUTE1DRAFT_84834,YOL148C,SPOM_SPAC4D7.10C
NEUTE1DRAFT_118506,YBR025C,SPOM_SPAC27E2.03C
NEUTE1DRAFT_147444,YDR333C,SPOM_SPAC1142.01
NEUTE1DRAFT_74833,YJR129C,SPOM_SPAC3A11.03
NEUTE1DRAFT_60736,YOR117W,SPOM_SPAC3A11.12C
NEUTE1DRAFT_82283,YIL049W,SPOM_SPAC7D4.09C
NEUTE1DRAFT_147992,YPR169W,SPOM_SPAC1A6.02
NEUTE1DRAFT_130196,YNL290W,SPOM_SPAC27E2.10C
NEUTE1DRAFT_72320,YER019W,SPOM_SPBC32F12.01C
NEUTE1DRAFT_118621,YDR408C,SPOM_SPCC569.08C
NEUTE1DRAFT_118943,YDR510W,SPOM_SPBC365.06
NEUTE1DRAFT_121796,YLR128W,SPOM_SPBC839.03C
NEUTE1DRAFT_147110,YDL020C,SPOM_SPBC1105.14
NEUTE1DRAFT_64338,YBL071W-A,SPOM_SPAC8F11.02C
NEUTE1DRAFT_128834,YJL100W,SPOM_SPAC343.19
NEUTE1DRAFT_75162,YGR007W,SPOM_SPAC15E1.05C
NEUTE1DRAFT_130870,YKL089W,SPOM_SPBC1861.01C
NEUTE1DRAFT_86727,YNR074C,SPOM_SPAC26F1.14C
NEUTE1DRAFT_83987,YGR218W,SPOM_SPAC1805.17
NEUTE1DRAFT_57368,YKL095W,SPOM_SPAC9.13C
NEUTE1DRAFT_77160,YLR247C,SPOM_SPAC144.05
NEUTE1DRAFT_52204,YGL018C,SPOM_SPAC144.08
NEUTE1DRAFT_143590,YDL029W,SPOM_SPAC11H11.06
NEUTE1DRAFT_56251,YPR073C,SPOM_SPAC1071.12C
NEUTE1DRAFT_145669,YKR054C,SPOM_SPAC1093.06C
NEUTE1DRAFT_123894,YOR251C,SPOM_SPCC4B3.01
NEUTE1DRAFT_127373,YGL115W,SPOM_SPAC1556.08C
NEUTE1DRAFT_56433,YFR007W,SPOM_SPAC227.14
NEUTE1DRAFT_127687,YLR274W,SPOM_SPAC1B2.05
NEUTE1DRAFT_93100,YOR209C,SPOM_SPAC1486.06
NEUTE1DRAFT_122163,YLL029W,SPOM_SPAC22G7.01C
NEUTE1DRAFT_149627,YHL030W,SPOM_SPAC1782.01
NEUTE1DRAFT_60176,YBR153W,SPOM_SPBC21C3.10C
NEUTE1DRAFT_85692,YDR372C,SPOM_SPAC5D6.13
NEUTE1DRAFT_126188,YLR337C,SPOM_SPBC13E7.09
NEUTE1DRAFT_145317,YGR246C,SPOM_SPBC13E7.10C
NEUTE1DRAFT_150363,YHL023C,SPOM_SPBC543.04
NEUTE1DRAFT_60319,YNL201C,SPOM_SPBC216.01C
NEUTE1DRAFT_146059,YGR194C,SPOM_SPCPJ732.02C
NEUTE1DRAFT_60260,YBR086C,SPOM_SPBC691.05C
NEUTE1DRAFT_134434,YDR339C,SPOM_SPBC32H8.04C
NEUTE1DRAFT_80475,YMR026C,SPOM_SPAPB17E12.03
NEUTE1DRAFT_127329,YFL028C,SPOM_SPAC20G4.01
NEUTE1DRAFT_79845,YBR257W,SPOM_SPBC1703.01C
NEUTE1DRAFT_119028,YOR245C,SPOM_SPCC1235.15
NEUTE1DRAFT_60304,YDR320C-A,SPOM_SPBC3B9.22C
NEUTE1DRAFT_124763,YEL019C,SPOM_SPAC16A10.06C
NEUTE1DRAFT_88920,YDR386W,SPOM_SPCC4G3.05C
NEUTE1DRAFT_66126,YDR254W,SPOM_SPBP22H7.09C
NEUTE1DRAFT_61792,YOR215C,SPOM_SPAC22F3.15
NEUTE1DRAFT_28458,YER058W,SPOM_SPBC1604.25
NEUTE1DRAFT_83163,YBR269C,SPOM_SPBC26H8.16
NEUTE1DRAFT_118799,YGR105W,SPOM_SPCC1235.16
NEUTE1DRAFT_122994,YKL167C,SPOM_SPCC1442.19
NEUTE1DRAFT_118942,YMR194C-B,SPOM_SPAC4F10.22
NEUTE1DRAFT_72075,YJL062W-A,SPOM_SPAC1B3.21
NEUTE1DRAFT_102275,YNL024C-A,SPOM_SPBC530.16
NEUTE1DRAFT_116094,YLR099W-A,SPOM_SPBC409.23
NEUTE1DRAFT_67507,YMR244C-A,SPOM_SPBC24C6.13
NEUTE1DRAFT_67407,YFL044C,SPOM_SPAC24C9.14
NEUTE1DRAFT_90572,YPR113W,SPOM_SPAC1D4.08
NEUTE1DRAFT_80013,YDL098C,SPOM_SPAC22F3.11C
NEUTE1DRAFT_83541,YNR041C,SPOM_SPAC56F8.04C
NEUTE1DRAFT_121207,YJL087C,SPOM_SPAC17G8.01C
NEUTE1DRAFT_58139,YOR287C,SPOM_SPAC823.04
NEUTE1DRAFT_149782,YCR081W,SPOM_SPAC688.08
NEUTE1DRAFT_131732,YGL092W,SPOM_SPAC1486.05
NEUTE1DRAFT_117372,YPL110C,SPOM_SPAPB1E7.05
NEUTE1DRAFT_145984,YMR004W,SPOM_SPAC3A11.06
NEUTE1DRAFT_83676,YDL058W,SPOM_SPAC29E6.03C
NEUTE1DRAFT_87233,YCR098C,SPOM_SPBC1271.09
NEUTE1DRAFT_88033,YHR154W,SPOM_SPBC582.05C
NEUTE1DRAFT_60578,YJL006C,SPOM_SPBC530.13
NEUTE1DRAFT_93589,YNL070W,SPOM_SPBC27B12.10C
NEUTE1DRAFT_146563,YNL316C,SPOM_SPBC30D10.16
NEUTE1DRAFT_92406,YJL035C,SPOM_SPBC16D10.10
NEUTE1DRAFT_59870,YPL213W,SPOM_SPBC1861.08C
NEUTE1DRAFT_149885,YKL114C,SPOM_SPCC622.17
NEUTE1DRAFT_65937,YLR250W,SPOM_SPCC613.03
NEUTE1DRAFT_84215,YOR035C,SPOM_SPCC613.04C
NEUTE1DRAFT_120903,YDR361C,SPOM_SPCC613.08
NEUTE1DRAFT_31253,YPL083C,SPOM_SPCC613.09
NEUTE1DRAFT_123473,YPR191W,SPOM_SPCC613.10
NEUTE1DRAFT_120286,YJR052W,SPOM_SPCC330.02
NEUTE1DRAFT_45649,YEL021W,SPOM_SPCC330.05C
NEUTE1DRAFT_123179,YNL048W,SPOM_SPCC330.08
NEUTE1DRAFT_148841,YGR145W,SPOM_SPCC330.09
NEUTE1DRAFT_38424,YKR025W,SPOM_SPCC330.13
NEUTE1DRAFT_98440,YKL218C,SPOM_SPCC320.14
NEUTE1DRAFT_81713,YNR020C,SPOM_SPCC320.12
NEUTE1DRAFT_63030,YPL211W,SPOM_SPCC320.11C
NEUTE1DRAFT_56949,YPL210C,SPOM_SPCC320.10
NEUTE1DRAFT_116399,YOR176W,SPOM_SPCC320.09
NEUTE1DRAFT_59188,YPR003C,SPOM_SPCC320.05
NEUTE1DRAFT_148836,YAL048C,SPOM_SPCC320.04C
NEUTE1DRAFT_69237,YGR286C,SPOM_SPCC1235.02
NEUTE1DRAFT_93370,YDL045C,SPOM_SPCC1235.04C
NEUTE1DRAFT_147333,YOL107W,SPOM_SPCC1235.08C
NEUTE1DRAFT_65781,YIL068C,SPOM_SPCC1235.10C
NEUTE1DRAFT_36096,YIL008W,SPOM_SPCC548.04
NEUTE1DRAFT_89673,YMR212C,SPOM_SPCC794.08
NEUTE1DRAFT_89778,YJR125C,SPOM_SPCC794.11C
NEUTE1DRAFT_116338,YKL058W,SPOM_SPCC553.11C
NEUTE1DRAFT_77266,YBL035C,SPOM_SPCC553.09C
NEUTE1DRAFT_62805,YNL163C,SPOM_SPCC553.08C
NEUTE1DRAFT_77458,YHR074W,SPOM_SPCC553.02
NEUTE1DRAFT_92403,YGR042W,SPOM_SPCC553.01C
NEUTE1DRAFT_122886,YPR047W,SPOM_SPCC736.03C
NEUTE1DRAFT_92035,YPL104W,SPOM_SPCC736.06
NEUTE1DRAFT_92583,YMR158W,SPOM_SPCC736.10C
NEUTE1DRAFT_133249,YPL138C,SPOM_SPCC594.05C
NEUTE1DRAFT_79694,YEL032W,SPOM_SPCC1682.02C
NEUTE1DRAFT_68973,YOR257W,SPOM_SPCC1682.04
NEUTE1DRAFT_84011,YLR005W,SPOM_SPCC1682.07
NEUTE1DRAFT_117596,YDL198C,SPOM_SPCC1682.09C
NEUTE1DRAFT_118706,YOR259C,SPOM_SPCC1682.16
NEUTE1DRAFT_73504,YNL044W,SPOM_SPCC306.02C
NEUTE1DRAFT_106551,YBL097W,SPOM_SPCC306.03C
NEUTE1DRAFT_144212,YHR119W,SPOM_SPCC306.04C
NEUTE1DRAFT_39773,YDL165W,SPOM_SPCC4G3.15C
NEUTE1DRAFT_61912,YFL016C,SPOM_SPCC4G3.14
NEUTE1DRAFT_61697,YLR439W,SPOM_SPCC4G3.06C
NEUTE1DRAFT_87675,YML110C,SPOM_SPCC4G3.04C
NEUTE1DRAFT_61097,YLR149C,SPOM_SPCC4G3.03
NEUTE1DRAFT_78895,YDR305C,SPOM_SPCC4G3.02
NEUTE1DRAFT_82708,YDL074C,SPOM_SPCC970.10C
NEUTE1DRAFT_111475,YDR017C,SPOM_SPCC970.08
NEUTE1DRAFT_118802,YGR284C,SPOM_SPCC970.06
NEUTE1DRAFT_125187,YPL022W,SPOM_SPCC970.01
NEUTE1DRAFT_68850,YPL107W,SPOM_SPCP31B10.02
NEUTE1DRAFT_74227,YGL127C,SPOM_SPCP31B10.03C
NEUTE1DRAFT_145272,YBR223C,SPOM_SPCP31B10.05
NEUTE1DRAFT_75523,YLR116W,SPOM_SPCC962.06C
NEUTE1DRAFT_118947,YLL018C-A,SPOM_SPCC1672.04C
NEUTE1DRAFT_36756,YGR185C,SPOM_SPCC1672.05C
NEUTE1DRAFT_129057,YLR410W,SPOM_SPCC1672.06C
NEUTE1DRAFT_80151,YLR409C,SPOM_SPCC1672.07
NEUTE1DRAFT_49195,YKR062W,SPOM_SPCC1672.08C
NEUTE1DRAFT_127669,YOR164C,SPOM_SPCC1672.12C
NEUTE1DRAFT_63061,YGL233W,SPOM_SPCC1183.01
NEUTE1DRAFT_117198,YDL120W,SPOM_SPCC1183.03C
NEUTE1DRAFT_119892,YOR017W,SPOM_SPCC1183.04C
NEUTE1DRAFT_81451,YOR005C,SPOM_SPCC1183.05C
NEUTE1DRAFT_88874,YML021C,SPOM_SPCC1183.06
NEUTE1DRAFT_122065,YMR229C,SPOM_SPCC1183.07
NEUTE1DRAFT_77753,YAL021C,SPOM_SPCC31H12.08C
NEUTE1DRAFT_146400,YGR098C,SPOM_SPCC5E4.04
NEUTE1DRAFT_57154,YKL094W,SPOM_SPCC5E4.05C
NEUTE1DRAFT_131279,YLR383W,SPOM_SPCC5E4.06
NEUTE1DRAFT_117159,YJR017C,SPOM_SPCC16C4.03
NEUTE1DRAFT_76279,YPR131C,SPOM_SPCC16C4.12
NEUTE1DRAFT_82136,YGR047C,SPOM_SPCC16C4.14C
NEUTE1DRAFT_118984,YEL050C,SPOM_SPCC16C4.15
NEUTE1DRAFT_128140,YGL112C,SPOM_SPCC16C4.18C
NEUTE1DRAFT_127786,YER050C,SPOM_SPCC18B5.04
NEUTE1DRAFT_125685,YPL040C,SPOM_SPCC18B5.08C
NEUTE1DRAFT_63566,YDR196C,SPOM_SPCC14G10.01
NEUTE1DRAFT_60074,YKL014C,SPOM_SPCC14G10.02
NEUTE1DRAFT_61842,YBR173C,SPOM_SPCC14G10.03C
NEUTE1DRAFT_143865,YLR361C,SPOM_SPCC1020.05
NEUTE1DRAFT_81564,YPR187W,SPOM_SPCC1020.04C
NEUTE1DRAFT_91328,YGL093W,SPOM_SPCC1020.02
NEUTE1DRAFT_132447,YHR085W,SPOM_SPCC1393.06C
NEUTE1DRAFT_72951,YDR152W,SPOM_SPCC1393.09C
NEUTE1DRAFT_56601,YKR085C,SPOM_SPCC1393.11
NEUTE1DRAFT_126482,YNL035C,SPOM_SPCC63.06
NEUTE1DRAFT_70540,YGR024C,SPOM_SPCC63.07
NEUTE1DRAFT_100773,YGL180W,SPOM_SPCC63.08C
NEUTE1DRAFT_120196,YMR013C,SPOM_SPCC63.10C
NEUTE1DRAFT_77147,YKL051W,SPOM_SPCC16A11.01
NEUTE1DRAFT_127944,YLR222C,SPOM_SPCC16A11.02
NEUTE1DRAFT_148856,YML104C,SPOM_SPCC16A11.04
NEUTE1DRAFT_46105,YPR082C,SPOM_SPCC16A11.05C
NEUTE1DRAFT_81897,YGL142C,SPOM_SPCC16A11.06C
NEUTE1DRAFT_35847,YOL008W,SPOM_SPCC16A11.07
NEUTE1DRAFT_63568,YNR017W,SPOM_SPCC16A11.09C
NEUTE1DRAFT_87357,YDL087C,SPOM_SPCC16A11.13
NEUTE1DRAFT_73454,YPR019W,SPOM_SPCC16A11.17
NEUTE1DRAFT_116980,YEL020W-A,SPOM_SPCC24B10.05
NEUTE1DRAFT_99514,YDR448W,SPOM_SPCC24B10.08C
NEUTE1DRAFT_53958,YML036W,SPOM_SPCC24B10.12
NEUTE1DRAFT_90597,YGL200C,SPOM_SPCC24B10.17
NEUTE1DRAFT_82069,YOR330C,SPOM_SPCC24B10.22
NEUTE1DRAFT_148857,YDL201W,SPOM_SPCPB16A4.04C
NEUTE1DRAFT_141910,YHR181W,SPOM_SPCC1795.10C
NEUTE1DRAFT_80970,YDR359C,SPOM_SPCC1795.08C
NEUTE1DRAFT_119104,YOR362C,SPOM_SPCC1795.04C
NEUTE1DRAFT_106071,YGL169W,SPOM_SPCC895.03C
NEUTE1DRAFT_78243,YOR075W,SPOM_SPCC895.04C
NEUTE1DRAFT_75384,YGR200C,SPOM_SPCC895.06
NEUTE1DRAFT_68739,YDR221W,SPOM_SPCC825.02
NEUTE1DRAFT_145821,YJR063W,SPOM_SPCC1259.03
NEUTE1DRAFT_95878,YDL067C,SPOM_SPCC1259.05C
NEUTE1DRAFT_64481,YDL076C,SPOM_SPCC1259.07
NEUTE1DRAFT_133354,YDL104C,SPOM_SPCC1259.10
NEUTE1DRAFT_70340,YIL083C,SPOM_SPCC4B3.18
NEUTE1DRAFT_129617,YPL215W,SPOM_SPCC4B3.17
NEUTE1DRAFT_63040,YPR040W,SPOM_SPCC4B3.16
NEUTE1DRAFT_63372,YAL046C,SPOM_SPCC4B3.11C
NEUTE1DRAFT_81160,YGL068W,SPOM_SPCC4B3.09C
NEUTE1DRAFT_93266,YDR047W,SPOM_SPCC4B3.05C
NEUTE1DRAFT_60254,YML059C,SPOM_SPCC4B3.04C
NEUTE1DRAFT_124458,YOL060C,SPOM_SPCC4B3.03C
NEUTE1DRAFT_121828,YJR035W,SPOM_SPCP25A2.02C
NEUTE1DRAFT_148691,YLR218C,SPOM_SPCC550.01C
NEUTE1DRAFT_133812,YBR065C,SPOM_SPCC550.02C
NEUTE1DRAFT_73666,YLR398C,SPOM_SPCC550.03C
NEUTE1DRAFT_89145,YPL076W,SPOM_SPCC550.04C
NEUTE1DRAFT_94422,YOR020C,SPOM_SPCC550.06C
NEUTE1DRAFT_88083,YJL080C,SPOM_SPCC550.14
NEUTE1DRAFT_134718,YHR100C,SPOM_SPCC645.02
NEUTE1DRAFT_130247,YLL027W,SPOM_SPCC645.03C
NEUTE1DRAFT_51840,YBR268W,SPOM_SPCC645.09
NEUTE1DRAFT_54700,YMR287C,SPOM_SPCC1322.01
NEUTE1DRAFT_127403,YNL045W,SPOM_SPCC1322.05C
NEUTE1DRAFT_92486,YJL123C,SPOM_SPCC1322.09
NEUTE1DRAFT_90495,YGR188C,SPOM_SPCC1322.12C
NEUTE1DRAFT_72443,YOR128C,SPOM_SPCC1322.13
NEUTE1DRAFT_71883,YPL009C,SPOM_SPCC132.01C
NEUTE1DRAFT_63763,YDL215C,SPOM_SPCC132.04C
NEUTE1DRAFT_89662,YEL002C,SPOM_SPCC338.15
NEUTE1DRAFT_63665,YJR105W,SPOM_SPCC338.14
NEUTE1DRAFT_126009,YPR105C,SPOM_SPCC338.13
NEUTE1DRAFT_142879,YBR271W,SPOM_SPCC338.11C
NEUTE1DRAFT_118104,YGL087C,SPOM_SPCC338.05C
NEUTE1DRAFT_61834,YGL231C,SPOM_SPCC1281.03C
NEUTE1DRAFT_80447,YGL055W,SPOM_SPCC1281.06C
NEUTE1DRAFT_146509,YKL033W,SPOM_SPCC622.13C
NEUTE1DRAFT_39726,YDR392W,SPOM_SPCC61.02
NEUTE1DRAFT_126541,YKL151C,SPOM_SPCC61.03
NEUTE1DRAFT_124605,YGR172C,SPOM_SPCC61.04C
NEUTE1DRAFT_60956,YGL184C,SPOM_SPCC11E10.01
NEUTE1DRAFT_129007,YDR331W,SPOM_SPCC11E10.02C
NEUTE1DRAFT_90687,YMR294W,SPOM_SPCC11E10.03
NEUTE1DRAFT_79731,YER005W,SPOM_SPCC11E10.05C
NEUTE1DRAFT_99701,YPL101W,SPOM_SPCC11E10.06C
NEUTE1DRAFT_79585,YKR026C,SPOM_SPCC11E10.07C
NEUTE1DRAFT_146182,YDR325W,SPOM_SPCC188.03
NEUTE1DRAFT_120457,YPR088C,SPOM_SPCC188.06C
NEUTE1DRAFT_58203,YAL032C,SPOM_SPCC188.11
NEUTE1DRAFT_124767,YCR054C,SPOM_SPCC584.14
NEUTE1DRAFT_131946,YFR030W,SPOM_SPCC584.01C
NEUTE1DRAFT_145188,YDR164C,SPOM_SPCC584.05
NEUTE1DRAFT_78687,YNL312W,SPOM_SPCC1753.01C
NEUTE1DRAFT_69561,YOL096C,SPOM_SPCC162.05
NEUTE1DRAFT_146535,YGR163W,SPOM_SPCC777.05
NEUTE1DRAFT_84346,YOL140W,SPOM_SPCC777.09C
NEUTE1DRAFT_58553,YLR306W,SPOM_SPCC777.10C
NEUTE1DRAFT_145311,YJL154C,SPOM_SPCC777.13
NEUTE1DRAFT_126097,YLR405W,SPOM_SPCC777.15
NEUTE1DRAFT_66361,YJL115W,SPOM_SPCC663.05C
NEUTE1DRAFT_89496,YPL030W,SPOM_SPCC663.10
NEUTE1DRAFT_67116,YAL003W,SPOM_SPCC1450.04
NEUTE1DRAFT_91105,YNL240C,SPOM_SPCC1450.10C
NEUTE1DRAFT_71892,YPR097W,SPOM_SPCC1450.12
NEUTE1DRAFT_88924,YBR256C,SPOM_SPCC1450.13C
NEUTE1DRAFT_146479,YBR265W,SPOM_SPCC1450.15
NEUTE1DRAFT_136203,YMR166C,SPOM_SPCC1442.03
NEUTE1DRAFT_118503,YGR235C,SPOM_SPCC1442.05C
NEUTE1DRAFT_117443,YML092C,SPOM_SPCC1442.06
NEUTE1DRAFT_45658,YLR038C,SPOM_SPCC1442.08C
NEUTE1DRAFT_118320,YER090W,SPOM_SPCC1442.09
NEUTE1DRAFT_83471,YIL021W,SPOM_SPCC1442.10C
NEUTE1DRAFT_117104,YFR051C,SPOM_SPCC285.08
NEUTE1DRAFT_129755,YGL248W,SPOM_SPCC285.09C
NEUTE1DRAFT_77126,YMR171C,SPOM_SPCC285.10C
NEUTE1DRAFT_131420,YMR218C,SPOM_SPCC285.14
NEUTE1DRAFT_67730,YDR266C,SPOM_SPCC1223.01
NEUTE1DRAFT_130628,YIL155C,SPOM_SPCC1223.03C
NEUTE1DRAFT_84330,YGL148W,SPOM_SPCC1223.14
NEUTE1DRAFT_115642,YDR529C,SPOM_SPCC737.02C
NEUTE1DRAFT_119792,YDR479C,SPOM_SPCC737.05
NEUTE1DRAFT_81158,YLR106C,SPOM_SPCC737.08
NEUTE1DRAFT_56547,YDR189W,SPOM_SPCC74.01
NEUTE1DRAFT_120886,YMR244W,SPOM_SPCC18.01C
NEUTE1DRAFT_90955,YNL023C,SPOM_SPCC18.03
NEUTE1DRAFT_144504,YJL204C,SPOM_SPCC18.04
NEUTE1DRAFT_89901,YCR072C,SPOM_SPCC18.05C
NEUTE1DRAFT_82608,YNR052C,SPOM_SPCC18.06C
NEUTE1DRAFT_136002,YOR258W,SPOM_SPCC18.09C
NEUTE1DRAFT_133833,YDR469W,SPOM_SPCC18.11C
NEUTE1DRAFT_91696,YOR004W,SPOM_SPCC18.12C
NEUTE1DRAFT_125816,YDR165W,SPOM_SPCC18.13
NEUTE1DRAFT_118722,YLR340W,SPOM_SPCC18.14C
NEUTE1DRAFT_124760,YDR236C,SPOM_SPCC18.16C
NEUTE1DRAFT_113579,YPL262W,SPOM_SPCC18.18C
NEUTE1DRAFT_89784,YNR003C,SPOM_SPCC290.02
NEUTE1DRAFT_137741,YJL039C,SPOM_SPCC290.03C
NEUTE1DRAFT_122431,YDL006W,SPOM_SPCC4F11.02
NEUTE1DRAFT_85216,YGL110C,SPOM_SPCC1906.02C
NEUTE1DRAFT_67987,YNL177C,SPOM_SPCC1739.02C
NEUTE1DRAFT_133926,YKR069W,SPOM_SPCC1739.06C
NEUTE1DRAFT_118541,YGL191W,SPOM_SPCC1739.09C
NEUTE1DRAFT_92721,YPL097W,SPOM_SPCC576.06C
NEUTE1DRAFT_119089,YPL010W,SPOM_SPCC576.07
NEUTE1DRAFT_117784,YGL123W,SPOM_SPCC576.08C
NEUTE1DRAFT_95574,YHL015W,SPOM_SPCC576.09
NEUTE1DRAFT_86281,YDR394W,SPOM_SPCC576.10C
NEUTE1DRAFT_146129,YBR231C,SPOM_SPCC576.13
NEUTE1DRAFT_61330,YLR172C,SPOM_SPCC576.14
NEUTE1DRAFT_146693,YNL252C,SPOM_SPCC126.05C
NEUTE1DRAFT_64093,YGR080W,SPOM_SPCC126.06
NEUTE1DRAFT_122096,YKL175W,SPOM_SPCC126.09
NEUTE1DRAFT_146552,YOR126C,SPOM_SPCC126.10
NEUTE1DRAFT_66982,YGL221C,SPOM_SPCC126.12
NEUTE1DRAFT_122203,YGR006W,SPOM_SPCC126.14
NEUTE1DRAFT_84722,YML105C,SPOM_SPCC126.15C
NEUTE1DRAFT_118711,YBL026W,SPOM_SPCC1620.01C
NEUTE1DRAFT_122935,YJL031C,SPOM_SPCC1620.05
NEUTE1DRAFT_117246,YGR244C,SPOM_SPCC1620.08
NEUTE1DRAFT_79539,YGR186W,SPOM_SPCC1620.09C
NEUTE1DRAFT_128830,YGL174W,SPOM_SPCC1620.10
NEUTE1DRAFT_148179,YLL035W,SPOM_SPCC830.03
NEUTE1DRAFT_120141,YFL024C,SPOM_SPCC830.05C
NEUTE1DRAFT_144368,YKL190W,SPOM_SPCC830.06
NEUTE1DRAFT_127880,YNL007C,SPOM_SPCC830.07C
NEUTE1DRAFT_56913,YJR069C,SPOM_SPCC830.10
NEUTE1DRAFT_56911,YDL166C,SPOM_SPCC830.11C
NEUTE1DRAFT_63018,YCL052C,SPOM_SPCC1919.02
NEUTE1DRAFT_85051,YPR189W,SPOM_SPCC1919.05
NEUTE1DRAFT_84176,YMR286W,SPOM_SPCC1919.08C
NEUTE1DRAFT_42045,YPR016C,SPOM_SPCC1919.09
NEUTE1DRAFT_143846,YBR074W,SPOM_SPCC1919.12C
NEUTE1DRAFT_24852,YIL096C,SPOM_SPCC1919.13C
NEUTE1DRAFT_122560,YNL039W,SPOM_SPCC1919.14C
NEUTE1DRAFT_81265,YLR148W,SPOM_SPCC790.02
NEUTE1DRAFT_123975,YPL246C,SPOM_SPCC790.03
NEUTE1DRAFT_117658,YJR074W,SPOM_SPCC1840.01C
NEUTE1DRAFT_148083,YMR308C,SPOM_SPCC1840.03
NEUTE1DRAFT_117317,YDR298C,SPOM_SPCC1840.06
NEUTE1DRAFT_146522,YLR290C,SPOM_SPCC1840.09
NEUTE1DRAFT_72679,YJR022W,SPOM_SPCC1840.10
NEUTE1DRAFT_119585,YNL232W,SPOM_SPCC1840.11
NEUTE1DRAFT_145529,YEL051W,SPOM_SPCC965.03
NEUTE1DRAFT_84499,YPR024W,SPOM_SPCC965.04C
NEUTE1DRAFT_71766,YPR062W,SPOM_SPCC965.14C
NEUTE1DRAFT_84688,YML098W,SPOM_SPCC1494.02C
NEUTE1DRAFT_63778,YBR166C,SPOM_SPCC1494.04C
NEUTE1DRAFT_148439,YLR276C,SPOM_SPCC1494.06C
NEUTE1DRAFT_122379,YMR259C,SPOM_SPCC1494.07
NEUTE1DRAFT_132714,YBL086C,SPOM_SPCC1494.08C
NEUTE1DRAFT_47991,YOR352W,SPOM_SPCC1494.09C
NEUTE1DRAFT_133765,YLR142W,SPOM_SPCC70.03C
NEUTE1DRAFT_91233,YLR097C,SPOM_SPCC1827.08C
NEUTE1DRAFT_76740,YIL091C,SPOM_SPCC1827.01C
NEUTE1DRAFT_132093,YGR202C,SPOM_SPCC1827.02C
NEUTE1DRAFT_64719,YNL110C,SPOM_SPCC1827.05C
NEUTE1DRAFT_92891,YDR158W,SPOM_SPCC1827.06C
NEUTE1DRAFT_75324,YIL047C,SPOM_SPCC1827.07C
NEUTE1DRAFT_149800,YER126C,SPOM_SPCP1E11.08
NEUTE1DRAFT_79431,YCR051W,SPOM_SPCP1E11.10
NEUTE1DRAFT_150323,YDR496C,SPOM_SPCP1E11.11
NEUTE1DRAFT_87713,YGL256W,SPOM_SPAC5H10.06C
NEUTE1DRAFT_116572,YIL145C,SPOM_SPAC5H10.08C
NEUTE1DRAFT_148955,YBR176W,SPOM_SPAC5H10.09C
NEUTE1DRAFT_122008,YJL062W,SPOM_SPAC13G6.03
NEUTE1DRAFT_81360,YJR135W-A,SPOM_SPAC13G6.04
NEUTE1DRAFT_122005,YOR115C,SPOM_SPAC13G6.05C
NEUTE1DRAFT_126572,YMR189W,SPOM_SPAC13G6.06C
NEUTE1DRAFT_144523,YMR208W,SPOM_SPAC13G6.11C
NEUTE1DRAFT_65267,YOR163W,SPOM_SPAC13G6.14
NEUTE1DRAFT_121521,YLR113W,SPOM_SPAC24B11.06C
NEUTE1DRAFT_151014,YAL042W,SPOM_SPAC24B11.08C
NEUTE1DRAFT_84315,YDR267C,SPOM_SPAC806.02C
NEUTE1DRAFT_115697,YKL067W,SPOM_SPAC806.07
NEUTE1DRAFT_57146,YNL291C,SPOM_SPAC1F5.08C
NEUTE1DRAFT_90806,YER014W,SPOM_SPAC1F5.07C
NEUTE1DRAFT_91141,YPR063C,SPOM_SPAC18B11.08C
NEUTE1DRAFT_145589,YER127W,SPOM_SPAC18B11.06
NEUTE1DRAFT_62880,YNL317W,SPOM_SPAC12G12.14C
NEUTE1DRAFT_112927,YHR147C,SPOM_SPAC12G12.08
NEUTE1DRAFT_133500,YOL010W,SPOM_SPAC12G12.06C
NEUTE1DRAFT_17445,YMR236W,SPOM_SPAC12G12.05C
NEUTE1DRAFT_122948,YLR259C,SPOM_SPAC12G12.04
NEUTE1DRAFT_146314,YGR271C-A,SPOM_SPAC12G12.02
NEUTE1DRAFT_117378,YJR065C,SPOM_SPAC630.03
NEUTE1DRAFT_61547,YGR205W,SPOM_SPAC630.09C
NEUTE1DRAFT_81366,YBR141C,SPOM_SPAC630.10
NEUTE1DRAFT_115778,YJR044C,SPOM_SPAC630.11
NEUTE1DRAFT_125152,YDR182W,SPOM_SPAC630.12
NEUTE1DRAFT_64568,YNR037C,SPOM_SPAC1751.02C
NEUTE1DRAFT_76439,YNR046W,SPOM_SPAC31A2.02
NEUTE1DRAFT_115844,YER012W,SPOM_SPAC31A2.04C
NEUTE1DRAFT_121631,YDR180W,SPOM_SPAC31A2.05C
NEUTE1DRAFT_60019,YDL031W,SPOM_SPAC31A2.07C
NEUTE1DRAFT_116392,YDR405W,SPOM_SPAC31A2.08
NEUTE1DRAFT_48325,YKL006C-A,SPOM_SPAC31A2.13C
NEUTE1DRAFT_145042,YCL014W,SPOM_SPAC31A2.16
NEUTE1DRAFT_146938,YMR224C,SPOM_SPAC13C5.07
NEUTE1DRAFT_133618,YPR066W,SPOM_SPAC24H6.12C
NEUTE1DRAFT_73236,YGR125W,SPOM_SPAC24H6.11C
NEUTE1DRAFT_73545,YNL310C,SPOM_SPAC24H6.02C
NEUTE1DRAFT_90518,YDR141C,SPOM_SPAPB21F2.02
NEUTE1DRAFT_147471,YNL153C,SPOM_SPAC227.05
NEUTE1DRAFT_116694,YGL161C,SPOM_SPAC227.06
NEUTE1DRAFT_142725,YGL190C,SPOM_SPAC227.07C
NEUTE1DRAFT_125898,YPR107C,SPOM_SPAC227.08C
NEUTE1DRAFT_52003,YEL003W,SPOM_SPAC227.10
NEUTE1DRAFT_83111,YDR057W,SPOM_SPAC227.11C
NEUTE1DRAFT_72434,YPR178W,SPOM_SPAC227.12
NEUTE1DRAFT_72761,YDR028C,SPOM_SPAC227.15
NEUTE1DRAFT_88621,YOL146W,SPOM_SPAC227.16C
NEUTE1DRAFT_84914,YDR512C,SPOM_SPAC227.17C
NEUTE1DRAFT_91293,YIR034C,SPOM_SPAC227.18
NEUTE1DRAFT_63560,YPR041W,SPOM_SPAC2F7.05C
NEUTE1DRAFT_146575,YBR289W,SPOM_SPAC2F7.08C
NEUTE1DRAFT_149131,YOL097C,SPOM_SPAC2F7.13C
NEUTE1DRAFT_124724,YHR069C,SPOM_SPAC2F7.14C
NEUTE1DRAFT_148864,YDR175C,SPOM_SPAC2F7.15
NEUTE1DRAFT_75781,YGL143C,SPOM_SPAC2F7.17
NEUTE1DRAFT_119700,YFL047W,SPOM_SPAC13A11.01C
NEUTE1DRAFT_119039,YHR007C,SPOM_SPAC13A11.02C
NEUTE1DRAFT_131302,YMR223W,SPOM_SPAC13A11.04C
NEUTE1DRAFT_131595,YCR071C,SPOM_SPAC3H8.03
NEUTE1DRAFT_67536,YKL004W,SPOM_SPAC3H8.06
NEUTE1DRAFT_117872,YGR078C,SPOM_SPAC3H8.07C
NEUTE1DRAFT_86207,YPL190C,SPOM_SPAC3H8.09C
NEUTE1DRAFT_86290,YOR001W,SPOM_SPAC1F3.01
NEUTE1DRAFT_85671,YOR006C,SPOM_SPAC1F3.04C
NEUTE1DRAFT_126556,YGR093W,SPOM_SPAC1F3.09
NEUTE1DRAFT_149413,YKL134C,SPOM_SPAC1F3.10C
NEUTE1DRAFT_90522,YDR517W,SPOM_SPAC1D4.02C
NEUTE1DRAFT_90515,YGL124C,SPOM_SPAC1D4.03C
NEUTE1DRAFT_67723,YIL142W,SPOM_SPAC1D4.04
NEUTE1DRAFT_130389,YER171W,SPOM_SPAC1D4.12
NEUTE1DRAFT_40040,YLR452C,SPOM_SPAC22F3.12C
NEUTE1DRAFT_120034,YJL101C,SPOM_SPAC22F3.10C
NEUTE1DRAFT_116769,YGL187C,SPOM_SPAC1296.02
NEUTE1DRAFT_77373,YER046W,SPOM_SPAC1296.04
NEUTE1DRAFT_120894,YPR048W,SPOM_SPAC1296.06
NEUTE1DRAFT_129067,YOR132W,SPOM_SPAPJ696.01C
NEUTE1DRAFT_148534,YGL094C,SPOM_SPAC22G7.04
NEUTE1DRAFT_81044,YNL308C,SPOM_SPAC22G7.05
NEUTE1DRAFT_144850,YGL172W,SPOM_SPAC22G7.09C
NEUTE1DRAFT_128250,YJR093C,SPOM_SPAC22G7.10
NEUTE1DRAFT_93606,YDR086C,SPOM_SPAC4G8.02C
NEUTE1DRAFT_14617,YML005W,SPOM_SPAC4G8.06C
NEUTE1DRAFT_65476,YKR056W,SPOM_SPAC4G8.07C
NEUTE1DRAFT_76848,YLR382C,SPOM_SPAC4G8.09
NEUTE1DRAFT_91795,YHL031C,SPOM_SPAC4G8.10
NEUTE1DRAFT_126363,YLR393W,SPOM_SPAC4G8.11C
NEUTE1DRAFT_63895,YOR149C,SPOM_SPAC4G8.12C
NEUTE1DRAFT_128878,YCR019W,SPOM_SPAC16C9.01C
NEUTE1DRAFT_69275,YLR017W,SPOM_SPAC16C9.02C
NEUTE1DRAFT_61157,YHR170W,SPOM_SPAC16C9.03
NEUTE1DRAFT_124667,YER068W,SPOM_SPAC16C9.04C
NEUTE1DRAFT_62605,YGL095C,SPOM_SPAC2G11.03C
NEUTE1DRAFT_66608,YPR173C,SPOM_SPAC2G11.06
NEUTE1DRAFT_132786,YLR241W,SPOM_SPAC2G11.09
NEUTE1DRAFT_149607,YHR111W,SPOM_SPAC2G11.10C
NEUTE1DRAFT_88834,YCL038C,SPOM_SPAC2G11.13
NEUTE1DRAFT_126497,YGR274C,SPOM_SPAC2G11.14
NEUTE1DRAFT_125849,YPL157W,SPOM_SPAC2G11.15C
NEUTE1DRAFT_84402,YNL321W,SPOM_SPAC521.04C
NEUTE1DRAFT_124967,YOR151C,SPOM_SPAC23G3.01
NEUTE1DRAFT_125888,YOR301W,SPOM_SPAC23G3.05C
NEUTE1DRAFT_65898,YOR310C,SPOM_SPAC23G3.06
NEUTE1DRAFT_83600,YDL097C,SPOM_SPAC23G3.11
NEUTE1DRAFT_82414,YPL129W,SPOM_SPAC22H12.02
NEUTE1DRAFT_121990,YMR274C,SPOM_SPAC1687.02
NEUTE1DRAFT_144139,YOL094C,SPOM_SPAC1687.03C
NEUTE1DRAFT_62642,YCL012C,SPOM_SPAC1687.07
NEUTE1DRAFT_127919,YCL054W,SPOM_SPAC1687.11
NEUTE1DRAFT_89102,YDR204W,SPOM_SPAC1687.12C
NEUTE1DRAFT_63112,YBR201W,SPOM_SPAC1687.17C
NEUTE1DRAFT_90162,YHR005C-A,SPOM_SPAC222.03C
NEUTE1DRAFT_121028,YEL044W,SPOM_SPAC222.04C
NEUTE1DRAFT_75436,YMR023C,SPOM_SPAC222.05C
NEUTE1DRAFT_75433,YAL025C,SPOM_SPAC222.06
NEUTE1DRAFT_117294,YDR044W,SPOM_SPAC222.11
NEUTE1DRAFT_65628,YJR121W,SPOM_SPAC222.12C
NEUTE1DRAFT_66248,YOR165W,SPOM_SPAC222.14C
NEUTE1DRAFT_89155,YJR104C,SPOM_SPAC821.10C
NEUTE1DRAFT_115827,YOR323C,SPOM_SPAC821.11
NEUTE1DRAFT_81012,YKL120W,SPOM_SPAC139.02C
NEUTE1DRAFT_121928,YPL001W,SPOM_SPAC139.06
NEUTE1DRAFT_100782,YLR429W,SPOM_SPAC23C4.02
NEUTE1DRAFT_132481,YMR074C,SPOM_SPAC23C4.09C
NEUTE1DRAFT_92454,YNL272C,SPOM_SPAC23C4.10
NEUTE1DRAFT_96308,YML081C-A,SPOM_SPAC23C4.11
NEUTE1DRAFT_65136,YIL004C,SPOM_SPAC23C4.13
NEUTE1DRAFT_121451,YBR110W,SPOM_SPAC23C4.14
NEUTE1DRAFT_145772,YBR154C,SPOM_SPAC23C4.15
NEUTE1DRAFT_121896,YCR068W,SPOM_SPAC23C4.16C
NEUTE1DRAFT_85268,YML010W,SPOM_SPAC23C4.19
NEUTE1DRAFT_128259,YKR023W,SPOM_SPAC1A6.01C
NEUTE1DRAFT_93013,YKL027W,SPOM_SPAC1A6.10
NEUTE1DRAFT_56450,YDL064W,SPOM_SPAC30D11.13
NEUTE1DRAFT_83024,YJL024C,SPOM_SPAC30D11.05
NEUTE1DRAFT_81992,YLL008W,SPOM_SPAC30D11.03
NEUTE1DRAFT_145803,YAL035W,SPOM_SPAC56F8.03
NEUTE1DRAFT_38154,YIL041W,SPOM_SPAC56F8.05C
NEUTE1DRAFT_128956,YGR227W,SPOM_SPAC56F8.06C
NEUTE1DRAFT_80362,YDR083W,SPOM_SPAC56F8.09
NEUTE1DRAFT_144002,YLR066W,SPOM_SPAC56F8.11
NEUTE1DRAFT_133901,YDR045C,SPOM_SPAC22A12.05
NEUTE1DRAFT_149573,YOL142W,SPOM_SPAC22A12.12C
NEUTE1DRAFT_148878,YDR068W,SPOM_SPAC22A12.14C
NEUTE1DRAFT_129178,YJR137C,SPOM_SPAC10F6.01C
NEUTE1DRAFT_64002,YJL074C,SPOM_SPAC10F6.09C
NEUTE1DRAFT_64249,YOR119C,SPOM_SPAC10F6.10
NEUTE1DRAFT_130475,YOR090C,SPOM_SPAC10F6.17C
NEUTE1DRAFT_88029,YGL047W,SPOM_SPAC56E4.02C
NEUTE1DRAFT_82868,YNR016C,SPOM_SPAC56E4.04C
NEUTE1DRAFT_132020,YJR064W,SPOM_SPAC1420.02C
NEUTE1DRAFT_119041,YNR018W,SPOM_SPAC1565.01
NEUTE1DRAFT_120574,YML064C,SPOM_SPAC1565.06C
NEUTE1DRAFT_99203,YDR100W,SPOM_SPAC6F12.04
NEUTE1DRAFT_116304,YDL135C,SPOM_SPAC6F12.06
NEUTE1DRAFT_78575,YGR082W,SPOM_SPAC6F12.07
NEUTE1DRAFT_116562,YGR061C,SPOM_SPAC6F12.10C
NEUTE1DRAFT_144408,YBR123C,SPOM_SPAC6F12.11C
NEUTE1DRAFT_115926,YJL167W,SPOM_SPAC6F12.13C
NEUTE1DRAFT_120018,YHR166C,SPOM_SPAC6F12.14
NEUTE1DRAFT_127519,YKL022C,SPOM_SPAC6F12.15C
NEUTE1DRAFT_85042,YMR061W,SPOM_SPAC6F12.17
NEUTE1DRAFT_126102,YAR018C,SPOM_SPAC19E9.02
NEUTE1DRAFT_144103,YOR238W,SPOM_SPAC57A10.07
NEUTE1DRAFT_78891,YDL051W,SPOM_SPAC57A10.10C
NEUTE1DRAFT_78134,YKL195W,SPOM_SPAC57A10.11C
NEUTE1DRAFT_87128,YOR356W,SPOM_SPAC20G8.04C
NEUTE1DRAFT_87125,YCR093W,SPOM_SPAC20G8.06
NEUTE1DRAFT_115710,YMR202W,SPOM_SPAC20G8.07C
NEUTE1DRAFT_86208,YNL132W,SPOM_SPAC20G8.09C
NEUTE1DRAFT_90667,YHR062C,SPOM_SPAC3A12.04C
NEUTE1DRAFT_70654,YCR042C,SPOM_SPAC3A12.05C
NEUTE1DRAFT_126913,YDL206W,SPOM_SPAC3A12.06C
NEUTE1DRAFT_58240,YOL005C,SPOM_SPAC3A12.07
NEUTE1DRAFT_144233,YDL209C,SPOM_SPAC3A12.11C
NEUTE1DRAFT_52321,YNL315C,SPOM_SPAC3A12.12
NEUTE1DRAFT_126741,YJL029C,SPOM_SPAC3A12.15
NEUTE1DRAFT_124530,YJL143W,SPOM_SPAC3A12.16C
NEUTE1DRAFT_133586,YGR012W,SPOM_SPAC3A12.17C
NEUTE1DRAFT_118796,YNL241C,SPOM_SPAC3A12.18
NEUTE1DRAFT_121966,YER091C,SPOM_SPAC9.09
NEUTE1DRAFT_89676,YJL180C,SPOM_SPAC9.12C
NEUTE1DRAFT_42059,YDR179W-A,SPOM_SPAC5D6.07C
NEUTE1DRAFT_123317,YBR070C,SPOM_SPAC5D6.06C
NEUTE1DRAFT_92977,YBR287W,SPOM_SPAC5D6.04
NEUTE1DRAFT_89710,YHR064C,SPOM_SPAC57A7.12
NEUTE1DRAFT_74339,YHR186C,SPOM_SPAC57A7.11
NEUTE1DRAFT_70784,YNL287W,SPOM_SPAC57A7.10C
NEUTE1DRAFT_86982,YML093W,SPOM_SPAC57A7.06
NEUTE1DRAFT_87209,YGL141W,SPOM_SPAC167.07C
NEUTE1DRAFT_148210,YHR079C,SPOM_SPAC167.01
NEUTE1DRAFT_116888,YOL133W,SPOM_SPAC23H4.18C
NEUTE1DRAFT_74813,YPL042C,SPOM_SPAC23H4.17C
NEUTE1DRAFT_130319,YDL060W,SPOM_SPAC23H4.15
NEUTE1DRAFT_147305,YPR023C,SPOM_SPAC23H4.12
NEUTE1DRAFT_81844,YPL214C,SPOM_SPAC23H4.10C
NEUTE1DRAFT_130054,YKL154W,SPOM_SPAC23H4.07C
NEUTE1DRAFT_76132,YML012W,SPOM_SPAC23H4.03C
NEUTE1DRAFT_77381,YHR073W,SPOM_SPAC23H4.01C
NEUTE1DRAFT_81220,YLR215C,SPOM_SPAP27G11.03
NEUTE1DRAFT_83796,YLR316C,SPOM_SPAP27G11.04C
NEUTE1DRAFT_68144,YDR080W,SPOM_SPAP27G11.05C
NEUTE1DRAFT_144580,YGR262C,SPOM_SPAP27G11.07C
NEUTE1DRAFT_74839,YBL033C,SPOM_SPAP27G11.09C
NEUTE1DRAFT_81912,YML103C,SPOM_SPAP27G11.10C
NEUTE1DRAFT_120477,YHR072W-A,SPOM_SPAP27G11.13C
NEUTE1DRAFT_76361,YBR228W,SPOM_SPAP27G11.15
NEUTE1DRAFT_145560,YMR220W,SPOM_SPAC343.01C
NEUTE1DRAFT_129431,YCR046C,SPOM_SPAC343.02
NEUTE1DRAFT_28197,YDL008W,SPOM_SPAC343.03
NEUTE1DRAFT_62159,YKL003C,SPOM_SPAC343.08C
NEUTE1DRAFT_115944,YBL058W,SPOM_SPAC343.09
NEUTE1DRAFT_123580,YBL080C,SPOM_SPAC343.13
NEUTE1DRAFT_37485,YLR291C,SPOM_SPAC343.14C
NEUTE1DRAFT_128100,YOR274W,SPOM_SPAC343.15
NEUTE1DRAFT_58933,YDR234W,SPOM_SPAC343.16
NEUTE1DRAFT_121313,YFL025C,SPOM_SPAC824.02
NEUTE1DRAFT_116701,YOR305W,SPOM_SPAC824.03C
NEUTE1DRAFT_122061,YPL045W,SPOM_SPAC824.05
NEUTE1DRAFT_81645,YLR008C,SPOM_SPAC824.06
NEUTE1DRAFT_58377,YEL042W,SPOM_SPAC824.08
NEUTE1DRAFT_88097,YIL044C,SPOM_SPAC824.09C
NEUTE1DRAFT_129540,YOR141C,SPOM_SPAC664.02C
NEUTE1DRAFT_62431,YBR279W,SPOM_SPAC664.03
NEUTE1DRAFT_131735,YDR299W,SPOM_SPAC664.08C
NEUTE1DRAFT_104468,YDR379C-A,SPOM_SPAC664.12C
NEUTE1DRAFT_74231,YGL242C,SPOM_SPAC105.02C
NEUTE1DRAFT_149140,YKL149C,SPOM_SPAC17A5.02C
NEUTE1DRAFT_81093,YIL143C,SPOM_SPAC17A5.06
NEUTE1DRAFT_127526,YIL031W,SPOM_SPAC17A5.07C
NEUTE1DRAFT_120557,YMR311C,SPOM_SPAC17A5.09C
NEUTE1DRAFT_98113,YHL022C,SPOM_SPAC17A5.11
NEUTE1DRAFT_58540,YDR320C,SPOM_SPAC17A5.12
NEUTE1DRAFT_59057,YGR267C,SPOM_SPAC17A5.13
NEUTE1DRAFT_127448,YGL173C,SPOM_SPAC17A5.14
NEUTE1DRAFT_128097,YGL245W,SPOM_SPAC17A5.15C
NEUTE1DRAFT_56633,YBR229C,SPOM_SPAC1002.03C
NEUTE1DRAFT_144743,YML015C,SPOM_SPAC1002.04C
NEUTE1DRAFT_131340,YMR228W,SPOM_SPAC1002.08C
NEUTE1DRAFT_148074,YLR088W,SPOM_SPAC1002.11
NEUTE1DRAFT_144386,YHR058C,SPOM_SPAC1002.15C
NEUTE1DRAFT_144524,YKL019W,SPOM_SPAPB1A10.04C
NEUTE1DRAFT_76859,YMR128W,SPOM_SPAPB1A10.06C
NEUTE1DRAFT_60954,YDR105C,SPOM_SPAPB1A10.07C
NEUTE1DRAFT_122071,YOR058C,SPOM_SPAPB1A10.09
NEUTE1DRAFT_150135,YML086C,SPOM_SPAPB1A10.12C
NEUTE1DRAFT_60095,YLR242C,SPOM_SPAPB1A10.15
NEUTE1DRAFT_118669,YLL041C,SPOM_SPAC140.01
NEUTE1DRAFT_63690,YMR076C,SPOM_SPAC110.02
NEUTE1DRAFT_59447,YLR078C,SPOM_SPAP14E8.03
NEUTE1DRAFT_58041,YKR087C,SPOM_SPAP14E8.04
NEUTE1DRAFT_97226,YJR085C,SPOM_SPAP14E8.05C
NEUTE1DRAFT_57592,YOL098C,SPOM_SPAC3H1.02C
NEUTE1DRAFT_59525,YHR194W,SPOM_SPAC3H1.04C
NEUTE1DRAFT_120293,YJR117W,SPOM_SPAC3H1.05
NEUTE1DRAFT_132998,YGL131C,SPOM_SPAC3H1.12C
NEUTE1DRAFT_71734,YPL236C,SPOM_SPAC3H1.13
NEUTE1DRAFT_49936,YMR092C,SPOM_SPAC9G1.05
NEUTE1DRAFT_75336,YJL125C,SPOM_SPAC9G1.12
NEUTE1DRAFT_148807,YGR002C,SPOM_SPAC9G1.13C
NEUTE1DRAFT_57183,YDL167C,SPOM_SPAC17H9.04C
NEUTE1DRAFT_76317,YKL172W,SPOM_SPAC17H9.05
NEUTE1DRAFT_78831,YHR002W,SPOM_SPAC17H9.08
NEUTE1DRAFT_117075,YNL131W,SPOM_SPAC17H9.16
NEUTE1DRAFT_100308,YAL010C,SPOM_SPAC17H9.17C
NEUTE1DRAFT_115856,YEL026W,SPOM_SPAC607.03C
NEUTE1DRAFT_60460,YDR173C,SPOM_SPAC607.04
NEUTE1DRAFT_67359,YDR427W,SPOM_SPAC607.05
NEUTE1DRAFT_85936,YIL108W,SPOM_SPAC607.06C
NEUTE1DRAFT_83188,YJL059W,SPOM_SPAC607.09C
NEUTE1DRAFT_40459,YDR076W,SPOM_SPAC3C7.03C
NEUTE1DRAFT_83942,YGL017W,SPOM_SPAC3C7.07C
NEUTE1DRAFT_119044,YLR191W,SPOM_SPAC3C7.10
NEUTE1DRAFT_55008,YKL162C,SPOM_SPAC25A8.03C
NEUTE1DRAFT_88890,YIL034C,SPOM_SPAC631.01C
NEUTE1DRAFT_122754,YDR398W,SPOM_SPAC20H4.01
NEUTE1DRAFT_44355,YOR223W,SPOM_SPAC20H4.02
NEUTE1DRAFT_74605,YJR024C,SPOM_SPAC20H4.05C
NEUTE1DRAFT_65815,YDL190C,SPOM_SPAC20H4.10
NEUTE1DRAFT_76264,YIL090W,SPOM_SPAC23C11.01
NEUTE1DRAFT_87988,YJR002W,SPOM_SPAC23C11.03
NEUTE1DRAFT_103221,YMR156C,SPOM_SPAC23C11.04C
NEUTE1DRAFT_91823,YNL115C,SPOM_SPAC23C11.06C
NEUTE1DRAFT_106626,YBL021C,SPOM_SPAC23C11.08
NEUTE1DRAFT_126487,YOR335C,SPOM_SPAC23C11.09
NEUTE1DRAFT_118888,YOR061W,SPOM_SPAC23C11.11
NEUTE1DRAFT_87531,YJR133W,SPOM_SPAC23C11.13C
NEUTE1DRAFT_134046,YMR001C,SPOM_SPAC23C11.16
NEUTE1DRAFT_91077,YPR125W,SPOM_SPAC23C11.17
NEUTE1DRAFT_71749,YHR120W,SPOM_SPAC13F5.01C
NEUTE1DRAFT_91347,YMR227C,SPOM_SPAC13F5.02C
NEUTE1DRAFT_91464,YLR166C,SPOM_SPAC13F5.06C
NEUTE1DRAFT_77315,YPR139C,SPOM_SPAC1783.02C
NEUTE1DRAFT_124896,YBR217W,SPOM_SPAC1783.06C
NEUTE1DRAFT_67967,YGL195W,SPOM_SPAC18G6.05C
NEUTE1DRAFT_150178,YKL099C,SPOM_SPAC18G6.06
NEUTE1DRAFT_85901,YLR186W,SPOM_SPAC18G6.07C
NEUTE1DRAFT_42469,YER016W,SPOM_SPAC18G6.15
NEUTE1DRAFT_83783,YML014W,SPOM_SPAC13D6.03C
NEUTE1DRAFT_72462,YIL001W,SPOM_SPAC13D6.04C
NEUTE1DRAFT_123501,YNL072W,SPOM_SPAC4G9.02
NEUTE1DRAFT_122918,YDR226W,SPOM_SPAC4G9.03
NEUTE1DRAFT_147145,YDR228C,SPOM_SPAC4G9.04C
NEUTE1DRAFT_83883,YOR207C,SPOM_SPAC4G9.08C
NEUTE1DRAFT_150821,YER069W,SPOM_SPAC4G9.09C
NEUTE1DRAFT_117347,YJL088W,SPOM_SPAC4G9.10
NEUTE1DRAFT_96916,YJL053W,SPOM_SPAC4G9.13C
NEUTE1DRAFT_79325,YBR159W,SPOM_SPAC4G9.15
NEUTE1DRAFT_130499,YBR251W,SPOM_SPAC4G9.17C
NEUTE1DRAFT_147895,YPR061C,SPOM_SPAC4G9.19
NEUTE1DRAFT_127722,YHR072W,SPOM_SPAC13G7.01C
NEUTE1DRAFT_118520,YPR167C,SPOM_SPAC13G7.06
NEUTE1DRAFT_92904,YNL182C,SPOM_SPAC13G7.08C
NEUTE1DRAFT_58154,YIL048W,SPOM_SPAC6C3.06C
NEUTE1DRAFT_119177,YGR232W,SPOM_SPAC6C3.08
NEUTE1DRAFT_129398,YER159C,SPOM_SPAC17G8.03C
NEUTE1DRAFT_117555,YIL062C,SPOM_SPAC17G8.04C
NEUTE1DRAFT_117042,YNL107W,SPOM_SPAC17G8.07
NEUTE1DRAFT_78469,YGL241W,SPOM_SPAC22H10.03C
NEUTE1DRAFT_79143,YOR250C,SPOM_SPAC22H10.05C
NEUTE1DRAFT_116688,YER136W,SPOM_SPAC22H10.12C
NEUTE1DRAFT_130338,YNL215W,SPOM_SPAC6B12.05C
NEUTE1DRAFT_83457,YNL213C,SPOM_SPAC6B12.06C
NEUTE1DRAFT_102938,YNL227C,SPOM_SPAC6B12.08
NEUTE1DRAFT_131414,YOL093W,SPOM_SPAC6B12.09
NEUTE1DRAFT_86342,YIR008C,SPOM_SPAC6B12.10C
NEUTE1DRAFT_83735,YFR003C,SPOM_SPAC6B12.13
NEUTE1DRAFT_34841,YPL237W,SPOM_SPAC32A11.04C
NEUTE1DRAFT_64505,YGL026C,SPOM_SPAC19A8.15
NEUTE1DRAFT_147020,YBL057C,SPOM_SPAC19A8.14
NEUTE1DRAFT_64015,YIL061C,SPOM_SPAC19A8.13
NEUTE1DRAFT_146058,YNL118C,SPOM_SPAC19A8.12
NEUTE1DRAFT_90697,YER074W-A,SPOM_SPAC19A8.09
NEUTE1DRAFT_129153,YHR077C,SPOM_SPAC19A8.08
NEUTE1DRAFT_134364,YNL075W,SPOM_SPAC19A8.07C
NEUTE1DRAFT_121047,YNL181W,SPOM_SPAC19A8.06
NEUTE1DRAFT_148795,YNR006W,SPOM_SPAC19A8.05C
NEUTE1DRAFT_82509,YJR110W,SPOM_SPAC19A8.03
NEUTE1DRAFT_122358,YPR094W,SPOM_SPAC23H3.02C
NEUTE1DRAFT_126743,YEL062W,SPOM_SPAC23H3.03C
NEUTE1DRAFT_51014,YAR003W,SPOM_SPAC23H3.05C
NEUTE1DRAFT_59777,YGR261C,SPOM_SPAC23H3.06
NEUTE1DRAFT_142087,YEL046C,SPOM_SPAC23H3.09C
NEUTE1DRAFT_80580,YDL183C,SPOM_SPAC23H3.12C
NEUTE1DRAFT_145712,YLR114C,SPOM_SPAC23H3.14
NEUTE1DRAFT_93026,YCL045C,SPOM_SPAC25H1.07
NEUTE1DRAFT_84743,YCR079W,SPOM_SPAC4A8.03C
NEUTE1DRAFT_121954,YDR482C,SPOM_SPAC4A8.09C
NEUTE1DRAFT_61252,YPL231W,SPOM_SPAC4A8.11C
NEUTE1DRAFT_133089,YKL193C,SPOM_SPAC4A8.12C
NEUTE1DRAFT_150254,YPR103W,SPOM_SPAC4A8.13C
NEUTE1DRAFT_80455,YKL181W,SPOM_SPAC4A8.14
NEUTE1DRAFT_121824,YMR309C,SPOM_SPAC4A8.16C
NEUTE1DRAFT_121858,YJL141C,SPOM_SPAC823.03
NEUTE1DRAFT_75501,YOL018C,SPOM_SPAC823.05C
NEUTE1DRAFT_133316,YPL011C,SPOM_SPAC823.06
NEUTE1DRAFT_106664,YCR044C,SPOM_SPAC823.07
NEUTE1DRAFT_73932,YDL119C,SPOM_SPAC823.10C
NEUTE1DRAFT_84325,YMR231W,SPOM_SPAC823.12
NEUTE1DRAFT_145016,YDR393W,SPOM_SPAC823.13C
NEUTE1DRAFT_59744,YNL010W,SPOM_SPAC823.14
NEUTE1DRAFT_91704,YPR036W,SPOM_SPAC7D4.10
NEUTE1DRAFT_78420,YBL082C,SPOM_SPAC7D4.06C
NEUTE1DRAFT_126288,YPR049C,SPOM_SPAC7D4.04
NEUTE1DRAFT_62227,YHR165C,SPOM_SPAC4F8.12C
NEUTE1DRAFT_146462,YOR367W,SPOM_SPAC4F8.10C
NEUTE1DRAFT_37951,YNR036C,SPOM_SPAC4F8.06
NEUTE1DRAFT_121346,YDR462W,SPOM_SPAC4F8.05C
NEUTE1DRAFT_122405,YHR088W,SPOM_SPAC4F8.04
NEUTE1DRAFT_82483,YLR022C,SPOM_SPAC4F8.03
NEUTE1DRAFT_122432,YKL002W,SPOM_SPAC4F8.01
NEUTE1DRAFT_53084,YBR252W,SPOM_SPAC644.05C
NEUTE1DRAFT_122023,YEL038W,SPOM_SPAC644.08
NEUTE1DRAFT_147592,YBL036C,SPOM_SPAC644.09
NEUTE1DRAFT_79040,YGL198W,SPOM_SPAC644.13C
NEUTE1DRAFT_117959,YKR068C,SPOM_SPAC644.18C
NEUTE1DRAFT_80698,YMR281W,SPOM_SPAPB2B4.01C
NEUTE1DRAFT_115737,YPL059W,SPOM_SPAPB2B4.02
NEUTE1DRAFT_54812,YKL080W,SPOM_SPAPB2B4.05
NEUTE1DRAFT_126315,YGR217W,SPOM_SPAC6F6.01
NEUTE1DRAFT_73432,YNR053C,SPOM_SPAC6F6.03C
NEUTE1DRAFT_125851,YOR103C,SPOM_SPAC6F6.05
NEUTE1DRAFT_126759,YLR084C,SPOM_SPAC6F6.06C
NEUTE1DRAFT_119190,YDR064W,SPOM_SPAC6F6.07C
NEUTE1DRAFT_126056,YMR055C,SPOM_SPAC6F6.08C
NEUTE1DRAFT_119199,YNR035C,SPOM_SPAC6F6.10C
NEUTE1DRAFT_72381,YJL036W,SPOM_SPAC6F6.12
NEUTE1DRAFT_126328,YFL034W,SPOM_SPAC6F6.13C
NEUTE1DRAFT_78646,YGR207C,SPOM_SPAC1805.02C
NEUTE1DRAFT_120121,YGL040C,SPOM_SPAC1805.06C
NEUTE1DRAFT_119463,YBL013W,SPOM_SPAC1805.09C
NEUTE1DRAFT_144754,YDR470C,SPOM_SPAC1B2.02C
NEUTE1DRAFT_115792,YHR051W,SPOM_SPAC1B2.04
NEUTE1DRAFT_94965,YBR121C,SPOM_SPAC3F10.03
NEUTE1DRAFT_120231,YMR283C,SPOM_SPAC3F10.06C
NEUTE1DRAFT_81805,YIL019W,SPOM_SPAC3F10.08C
NEUTE1DRAFT_129689,YIL020C,SPOM_SPAC3F10.09
NEUTE1DRAFT_143820,YGL099W,SPOM_SPAC3F10.16C
NEUTE1DRAFT_75403,YKL143W,SPOM_SPAC3F10.17
NEUTE1DRAFT_125864,YGL247W,SPOM_SPAC8F11.06
NEUTE1DRAFT_82494,YLR389C,SPOM_SPACUNK4.12C
NEUTE1DRAFT_78063,YEL031W,SPOM_SPACUNK4.07C
NEUTE1DRAFT_149864,YGL156W,SPOM_SPAC513.05
NEUTE1DRAFT_119564,YOR319W,SPOM_SPAC31G5.01
NEUTE1DRAFT_119171,YIL094C,SPOM_SPAC31G5.04
NEUTE1DRAFT_133863,YJL121C,SPOM_SPAC31G5.05C
NEUTE1DRAFT_131286,YOR278W,SPOM_SPAC31G5.08
NEUTE1DRAFT_58673,YDR005C,SPOM_SPAC31G5.12C
NEUTE1DRAFT_96922,YDR019C,SPOM_SPAC31G5.14
NEUTE1DRAFT_120718,YPR183W,SPOM_SPAC31G5.16C
NEUTE1DRAFT_86485,YKL087C,SPOM_SPAC24C9.02C
NEUTE1DRAFT_117918,YNR043W,SPOM_SPAC24C9.03
NEUTE1DRAFT_85961,YLR336C,SPOM_SPAC24C9.11
NEUTE1DRAFT_77322,YMR039C,SPOM_SPAC16A10.02
NEUTE1DRAFT_123623,YGR113W,SPOM_SPAC589.08C
NEUTE1DRAFT_86810,YCR017C,SPOM_SPAC589.12
NEUTE1DRAFT_85652,YOR289W,SPOM_SPAC688.03C
NEUTE1DRAFT_145977,YIR038C,SPOM_SPAC688.04C
NEUTE1DRAFT_125454,YPL167C,SPOM_SPAC688.10
NEUTE1DRAFT_70857,YNL243W,SPOM_SPAC688.11
NEUTE1DRAFT_80322,YMR262W,SPOM_SPAC688.13
NEUTE1DRAFT_58975,YDR257C,SPOM_SPAC688.14
NEUTE1DRAFT_137389,YML077W,SPOM_SPAC3G9.16C
NEUTE1DRAFT_91302,YNL222W,SPOM_SPAC3G9.04
NEUTE1DRAFT_91301,YLR313C,SPOM_SPAC3G9.05
NEUTE1DRAFT_118326,YFL022C,SPOM_SPAC3G9.06
NEUTE1DRAFT_116408,YJR007W,SPOM_SPAC3G9.09C
NEUTE1DRAFT_89939,YGR195W,SPOM_SPAC3G9.10C
NEUTE1DRAFT_120932,YBL034C,SPOM_SPAC3G9.12
NEUTE1DRAFT_122164,YDR268W,SPOM_SPAC3G9.13C
NEUTE1DRAFT_119738,YLR176C,SPOM_SPAC3G9.14
NEUTE1DRAFT_81733,YLR051C,SPOM_SPAC3G9.15C
NEUTE1DRAFT_65986,YOL073C,SPOM_SPAC1486.02C
NEUTE1DRAFT_145479,YNL185C,SPOM_SPAC1486.07C
NEUTE1DRAFT_126882,YJL003W,SPOM_SPAC1486.08
NEUTE1DRAFT_128109,YOR056C,SPOM_SPAC1486.09
NEUTE1DRAFT_60430,YGR110W,SPOM_SPAC6G10.03C
NEUTE1DRAFT_115779,YMR314W,SPOM_SPAC6G10.04C
NEUTE1DRAFT_56677,YMR125W,SPOM_SPAC6G10.07
NEUTE1DRAFT_35029,YGL027C,SPOM_SPAC6G10.09
NEUTE1DRAFT_66960,YJL010C,SPOM_SPAC6G9.02C
NEUTE1DRAFT_67841,YNL206C,SPOM_SPAC6G9.03C
NEUTE1DRAFT_70925,YKL013C,SPOM_SPAC6G9.07C
NEUTE1DRAFT_70922,YFR010W,SPOM_SPAC6G9.08
NEUTE1DRAFT_149262,YLR330W,SPOM_SPAC6G9.12
NEUTE1DRAFT_122827,YPR135W,SPOM_SPAPB1E7.02C
NEUTE1DRAFT_130844,YPR190C,SPOM_SPAPB1E7.03
NEUTE1DRAFT_45000,YJL011C,SPOM_SPAPB1E7.10
NEUTE1DRAFT_126561,YFR041C,SPOM_SPAC2E1P5.03
NEUTE1DRAFT_57410,YPR137W,SPOM_SPAC2E1P5.05
NEUTE1DRAFT_92219,YGL206C,SPOM_SPAC26A3.05
NEUTE1DRAFT_89865,YCR047C,SPOM_SPAC26A3.06
NEUTE1DRAFT_126545,YER029C,SPOM_SPAC26A3.08
NEUTE1DRAFT_130400,YOR048C,SPOM_SPAC26A3.12C
NEUTE1DRAFT_95676,YIL156W-B,SPOM_SPAC26A3.14C
NEUTE1DRAFT_133984,YJL041W,SPOM_SPAC26A3.15C
NEUTE1DRAFT_74017,YMR276W,SPOM_SPAC26A3.16
NEUTE1DRAFT_125124,YDR465C,SPOM_SPAC26A3.17C
NEUTE1DRAFT_89385,YLR118C,SPOM_SPAC8E11.04C
NEUTE1DRAFT_83741,YBL050W,SPOM_SPAC959.02
NEUTE1DRAFT_83449,YER082C,SPOM_SPAC959.03C
NEUTE1DRAFT_122454,YLR454W,SPOM_SPAC3H5.09C
NEUTE1DRAFT_146042,YNL102W,SPOM_SPAC3H5.06C
NEUTE1DRAFT_123959,YDR335W,SPOM_SPAC328.01C
NEUTE1DRAFT_124048,YOR124C,SPOM_SPAC328.06
NEUTE1DRAFT_69791,YBR290W,SPOM_SPAC328.07C
NEUTE1DRAFT_49102,YOR222W,SPOM_SPAC328.09
NEUTE1DRAFT_73938,YBL007C,SPOM_SPAC16E8.01
NEUTE1DRAFT_91884,YGL010W,SPOM_SPAC16E8.02
NEUTE1DRAFT_92433,YFL017C,SPOM_SPAC16E8.03
NEUTE1DRAFT_116352,YPR060C,SPOM_SPAC16E8.04C
NEUTE1DRAFT_90763,YOL041C,SPOM_SPAC16E8.06C
NEUTE1DRAFT_65999,YOR270C,SPOM_SPAC16E8.07C
NEUTE1DRAFT_124451,YJR113C,SPOM_SPAC16E8.10C
NEUTE1DRAFT_84322,YDR311W,SPOM_SPAC16E8.11C
NEUTE1DRAFT_148933,YHL010C,SPOM_SPAC16E8.13
NEUTE1DRAFT_76613,YBR261C,SPOM_SPAC16E8.14C
NEUTE1DRAFT_39488,YPR086W,SPOM_SPAC16E8.16
NEUTE1DRAFT_70739,YLR347C,SPOM_SPAC1B1.03C
NEUTE1DRAFT_92636,YJR116W,SPOM_SPAC17A2.02C
NEUTE1DRAFT_117541,YLR447C,SPOM_SPAC17A2.03C
NEUTE1DRAFT_73413,YAL002W,SPOM_SPAC17A2.06C
NEUTE1DRAFT_39444,YPL094C,SPOM_SPAC17G6.09
NEUTE1DRAFT_118432,YDL084W,SPOM_SPAC17G6.14C
NEUTE1DRAFT_63298,YOR271C,SPOM_SPAC17G6.15C
NEUTE1DRAFT_10784,YOR206W,SPOM_SPAC1142.04
NEUTE1DRAFT_115777,YDL100C,SPOM_SPAC1142.06
NEUTE1DRAFT_144150,YLR025W,SPOM_SPAC1142.07C
NEUTE1DRAFT_124857,YDL219W,SPOM_SPAC8C9.05
NEUTE1DRAFT_117755,YGL220W,SPOM_SPAC8C9.11
NEUTE1DRAFT_123932,YDR211W,SPOM_SPAC8C9.15C
NEUTE1DRAFT_85993,YPL196W,SPOM_SPAC8C9.16C
NEUTE1DRAFT_67689,YDR145W,SPOM_SPAC15A10.02
NEUTE1DRAFT_146992,YGR211W,SPOM_SPAC15A10.04C
NEUTE1DRAFT_88765,YNL200C,SPOM_SPAC15A10.05C
NEUTE1DRAFT_82426,YDR456W,SPOM_SPAC15A10.06
NEUTE1DRAFT_119493,YOR112W,SPOM_SPAC15A10.13
NEUTE1DRAFT_44579,YLR319C,SPOM_SPAC15A10.16
NEUTE1DRAFT_117412,YHR012W,SPOM_SPAC15E1.06
NEUTE1DRAFT_143671,YHR013C,SPOM_SPAC15E1.08
NEUTE1DRAFT_124018,YMR217W,SPOM_SPAP7G5.02C
NEUTE1DRAFT_83106,YNL279W,SPOM_SPAP7G5.03
NEUTE1DRAFT_149946,YLR245C,SPOM_SPAC1556.04C
NEUTE1DRAFT_118568,YFL045C,SPOM_SPAC1556.07
NEUTE1DRAFT_116840,YKL056C,SPOM_SPAC1F12.02C
NEUTE1DRAFT_115739,YOR184W,SPOM_SPAC1F12.07
NEUTE1DRAFT_147983,YDR434W,SPOM_SPAC1F12.09
NEUTE1DRAFT_131235,YJR008W,SPOM_SPAC4H3.04C
NEUTE1DRAFT_118347,YKL192C,SPOM_SPAC4H3.09
NEUTE1DRAFT_117768,YAL038W,SPOM_SPAC4H3.10C
NEUTE1DRAFT_125957,YAL043C,SPOM_SPAC1071.01C
NEUTE1DRAFT_90234,YIL128W,SPOM_SPAC1071.02
NEUTE1DRAFT_90219,YIL110W,SPOM_SPAC1071.05
NEUTE1DRAFT_61540,YMR033W,SPOM_SPAC1071.06
NEUTE1DRAFT_74476,YJR097W,SPOM_SPAC926.05C
NEUTE1DRAFT_96970,YDR424C,SPOM_SPAC926.07C
NEUTE1DRAFT_126998,YKR081C,SPOM_SPAC926.08C
NEUTE1DRAFT_61255,YKL182W,SPOM_SPAC926.09C
NEUTE1DRAFT_128131,YPL188W,SPOM_SPAC323.01C
NEUTE1DRAFT_121593,YGR253C,SPOM_SPAC323.02C
NEUTE1DRAFT_80524,YDR061W,SPOM_SPAC323.04
NEUTE1DRAFT_150775,YDR140W,SPOM_SPAC323.05C
NEUTE1DRAFT_81192,YNL248C,SPOM_SPAC2F3.03C
NEUTE1DRAFT_58426,YBR017C,SPOM_SPAC2F3.06C
NEUTE1DRAFT_146158,YDR232W,SPOM_SPAC2F3.09
NEUTE1DRAFT_57822,YDR027C,SPOM_SPAC2F3.10
NEUTE1DRAFT_121091,YHR201C,SPOM_SPAC2F3.11
NEUTE1DRAFT_76964,YJR006W,SPOM_SPAC27E2.05
NEUTE1DRAFT_120205,YGR171C,SPOM_SPAC27E2.06C
NEUTE1DRAFT_82300,YML049C,SPOM_SPAPJ698.03C
NEUTE1DRAFT_118269,YIR032C,SPOM_SPAC19G12.04
NEUTE1DRAFT_124984,YBR291C,SPOM_SPAC19G12.05
NEUTE1DRAFT_66051,YMR272C,SPOM_SPAC19G12.08
NEUTE1DRAFT_67503,YDR208W,SPOM_SPAC19G12.14
NEUTE1DRAFT_150688,YIL039W,SPOM_SPAC23A1.02C
NEUTE1DRAFT_70571,YHR204W,SPOM_SPAC23A1.04C
NEUTE1DRAFT_149132,YLR060W,SPOM_SPAC23A1.12C
NEUTE1DRAFT_133866,YHR112C,SPOM_SPAC23A1.14C
NEUTE1DRAFT_121508,YJL020C,SPOM_SPAC23A1.17
NEUTE1DRAFT_145256,YDR291W,SPOM_SPAC23A1.19C
NEUTE1DRAFT_83275,YNL218W,SPOM_SPAC26H5.02C
NEUTE1DRAFT_71951,YML102W,SPOM_SPAC26H5.03
NEUTE1DRAFT_123041,YIL017C,SPOM_SPAC26H5.04
NEUTE1DRAFT_121093,YFL036W,SPOM_SPAC26H5.12
NEUTE1DRAFT_145833,YDR367W,SPOM_SPAC26H5.13C
NEUTE1DRAFT_82299,YLR203C,SPOM_SPAC25B8.04C
NEUTE1DRAFT_83903,YFL001W,SPOM_SPAC25B8.05
NEUTE1DRAFT_66218,YHR011W,SPOM_SPAC25B8.06C
NEUTE1DRAFT_117801,YML030W,SPOM_SPAC25B8.07C
NEUTE1DRAFT_65299,YPR089W,SPOM_SPAC25B8.08
NEUTE1DRAFT_125395,YGL050W,SPOM_SPAC25B8.15C
NEUTE1DRAFT_149569,YNL221C,SPOM_SPAC25B8.16
NEUTE1DRAFT_92923,YKL100C,SPOM_SPAC25B8.17
NEUTE1DRAFT_146930,YCL047C,SPOM_SPAC694.03
NEUTE1DRAFT_118266,YER156C,SPOM_SPAC694.04C
NEUTE1DRAFT_75093,YCL061C,SPOM_SPAC694.06C
NEUTE1DRAFT_58699,YGR116W,SPOM_SPAC1F7.01C
NEUTE1DRAFT_123455,YER070W,SPOM_SPAC1F7.05
NEUTE1DRAFT_84749,YER145C,SPOM_SPAC1F7.07C
NEUTE1DRAFT_65297,YIR029W,SPOM_SPAC1F7.09C
NEUTE1DRAFT_123750,YJL127C,SPOM_SPAC21E11.04
NEUTE1DRAFT_75663,YGR083C,SPOM_SPAC21E11.06
NEUTE1DRAFT_14529,YJR122W,SPOM_SPAC21E11.07
NEUTE1DRAFT_76936,YLR275W,SPOM_SPAC2C4.03C
NEUTE1DRAFT_63451,YNL022C,SPOM_SPAC2C4.06C
NEUTE1DRAFT_92235,YFL046W,SPOM_SPAC2C4.09
NEUTE1DRAFT_78203,YOR145C,SPOM_SPAC2C4.11C
NEUTE1DRAFT_62747,YOL102C,SPOM_SPAC2C4.12C
NEUTE1DRAFT_71164,YDR330W,SPOM_SPAC2C4.15C
NEUTE1DRAFT_72781,YER055C,SPOM_SPAC25G10.05C
NEUTE1DRAFT_117891,YOR361C,SPOM_SPAC25G10.08
NEUTE1DRAFT_60345,YJR099W,SPOM_SPAC27F1.03C
NEUTE1DRAFT_78455,YOL069W,SPOM_SPAC27F1.04C
NEUTE1DRAFT_119086,YJL002C,SPOM_SPAC27F1.07
NEUTE1DRAFT_74055,YMR288W,SPOM_SPAC27F1.09C
NEUTE1DRAFT_73134,YJR068W,SPOM_SPAC23D3.02
NEUTE1DRAFT_151012,YOR157C,SPOM_SPAC23D3.07
NEUTE1DRAFT_50093,YNL297C,SPOM_SPAC23D3.13C
NEUTE1DRAFT_91762,YBL102W,SPOM_SPAC1527.02
NEUTE1DRAFT_146382,YKL110C,SPOM_SPAC30.02C
NEUTE1DRAFT_130396,YDR473C,SPOM_SPAC29E6.02
NEUTE1DRAFT_87363,YNL247W,SPOM_SPAC29E6.06C
NEUTE1DRAFT_118055,YER148W,SPOM_SPAC29E6.08
NEUTE1DRAFT_128922,YNL091W,SPOM_SPAC29E6.10C
NEUTE1DRAFT_118022,YDR432W,SPOM_SPAC16.02C
NEUTE1DRAFT_75086,YLR420W,SPOM_SPAC16.03C
NEUTE1DRAFT_126438,YLR401C,SPOM_SPAC16.04
NEUTE1DRAFT_126435,YLR403W,SPOM_SPAC16.05C
NEUTE1DRAFT_60808,YGL009C,SPOM_SPAC9E9.03
NEUTE1DRAFT_119053,YDL072C,SPOM_SPAC9E9.04
NEUTE1DRAFT_84627,YCR053W,SPOM_SPAC9E9.06C
NEUTE1DRAFT_117392,YKL117W,SPOM_SPAC9E9.13
NEUTE1DRAFT_83919,YKL041W,SPOM_SPAC9E9.14
NEUTE1DRAFT_119474,YDL065C,SPOM_SPAC17C9.14
NEUTE1DRAFT_56507,YIR011C,SPOM_SPAC17C9.13C
NEUTE1DRAFT_94797,YGR181W,SPOM_SPAC17C9.09C
NEUTE1DRAFT_62865,YJL208C,SPOM_SPAC17C9.08
NEUTE1DRAFT_63156,YOR067C,SPOM_SPAC17C9.07
NEUTE1DRAFT_124549,YNL026W,SPOM_SPAC17C9.06
NEUTE1DRAFT_63173,YDL052C,SPOM_SPAC1851.02
NEUTE1DRAFT_61000,YPR004C,SPOM_SPAC27D7.06
NEUTE1DRAFT_122149,YOL145C,SPOM_SPAC27D7.14C
NEUTE1DRAFT_117258,YBR127C,SPOM_SPAC637.05C
NEUTE1DRAFT_121541,YGL091C,SPOM_SPAC637.08
NEUTE1DRAFT_15958,YHR200W,SPOM_SPAC637.10C
NEUTE1DRAFT_128634,YPL029W,SPOM_SPAC637.11
NEUTE1DRAFT_148727,YKL010C,SPOM_SPAC12B10.01C
NEUTE1DRAFT_87071,YBR094W,SPOM_SPAC12B10.04
NEUTE1DRAFT_124894,YER078C,SPOM_SPAC12B10.05
NEUTE1DRAFT_115852,YOL071W,SPOM_SPAC12B10.06C
NEUTE1DRAFT_48330,YKL007W,SPOM_SPAC12B10.07
NEUTE1DRAFT_60271,YBR035C,SPOM_SPAC1093.02
NEUTE1DRAFT_79371,YJL033W,SPOM_SPAC1093.05
NEUTE1DRAFT_80458,YJR070C,SPOM_SPAC30C2.02
NEUTE1DRAFT_38235,YGL105W,SPOM_SPAC30C2.04
NEUTE1DRAFT_122493,YMR211W,SPOM_SPAC30C2.06C
NEUTE1DRAFT_127122,YPL260W,SPOM_SPAC30C2.08
NEUTE1DRAFT_96005,YNL220W,SPOM_SPAC144.03
NEUTE1DRAFT_144161,YKL184W,SPOM_SPAC144.04C
NEUTE1DRAFT_144627,YPL195W,SPOM_SPAC144.06
NEUTE1DRAFT_78590,YOR262W,SPOM_SPAC144.07C
NEUTE1DRAFT_125678,YJL091C,SPOM_SPAC144.10C
NEUTE1DRAFT_59293,YOR095C,SPOM_SPAC144.12
NEUTE1DRAFT_73360,YHR122W,SPOM_SPAC144.16
NEUTE1DRAFT_122411,YBR143C,SPOM_SPAC1834.01
NEUTE1DRAFT_60663,YNL219C,SPOM_SPAC1834.05
NEUTE1DRAFT_123487,YKL189W,SPOM_SPAC1834.06C
NEUTE1DRAFT_123357,YBR080C,SPOM_SPAC1834.11C
NEUTE1DRAFT_79505,YLR103C,SPOM_SPAC17D4.02
NEUTE1DRAFT_61342,YDR205W,SPOM_SPAC17D4.03C
NEUTE1DRAFT_61655,YOR198C,SPOM_SPAC458.02C
NEUTE1DRAFT_150529,YGR099W,SPOM_SPAC458.03
NEUTE1DRAFT_133965,YLR240W,SPOM_SPAC458.05
NEUTE1DRAFT_144116,YKL028W,SPOM_SPAC458.07
NEUTE1DRAFT_146496,YOL078W,SPOM_SPAPYUG7.02C
NEUTE1DRAFT_146361,YJR092W,SPOM_SPAPYUG7.03C
NEUTE1DRAFT_110529,YGL070C,SPOM_SPAPYUG7.04C
NEUTE1DRAFT_129449,YER023W,SPOM_SPAPYUG7.05
NEUTE1DRAFT_115636,YJL166W,SPOM_SPAC1782.07
NEUTE1DRAFT_133197,YFR028C,SPOM_SPAC1782.09C
NEUTE1DRAFT_127128,YDL208W,SPOM_SPAC1782.10C
NEUTE1DRAFT_142688,YKL001C,SPOM_SPAC1782.11
NEUTE1DRAFT_118969,YBL041W,SPOM_SPAC22F8.06
NEUTE1DRAFT_80506,YPL146C,SPOM_SPAC22F8.09
NEUTE1DRAFT_147357,YMR240C,SPOM_SPAC22F8.10C
NEUTE1DRAFT_130467,YPL222W,SPOM_SPAC20G4.05C
NEUTE1DRAFT_117312,YLL050C,SPOM_SPAC20G4.06C
NEUTE1DRAFT_57468,YGL012W,SPOM_SPAC20G4.07C
NEUTE1DRAFT_124703,YBR061C,SPOM_SPAC4F10.03C
NEUTE1DRAFT_92991,YLR239C,SPOM_SPAC4F10.05C
NEUTE1DRAFT_87659,YMR014W,SPOM_SPAC4F10.06
NEUTE1DRAFT_148570,YPR185W,SPOM_SPAC4F10.07C
NEUTE1DRAFT_150299,YDR060W,SPOM_SPAC4F10.09C
NEUTE1DRAFT_125189,YOR181W,SPOM_SPAC4F10.15C
NEUTE1DRAFT_77909,YNL313C,SPOM_SPAC19B12.01
NEUTE1DRAFT_84976,YMR277W,SPOM_SPAC19B12.05C
NEUTE1DRAFT_85886,YNL223W,SPOM_SPAC19B12.08
NEUTE1DRAFT_123982,YLR074C,SPOM_SPAC19B12.11C
NEUTE1DRAFT_116507,YDL046W,SPOM_SPAPB8E5.04C
NEUTE1DRAFT_65062,YPL012W,SPOM_SPAPB8E5.07C
NEUTE1DRAFT_147522,YDR190C,SPOM_SPAPB8E5.09
NEUTE1DRAFT_115747,YHR128W,SPOM_SPAC1B3.01C
NEUTE1DRAFT_124928,YLR289W,SPOM_SPAC1B3.04C
NEUTE1DRAFT_88165,YIL038C,SPOM_SPAC1B3.05
NEUTE1DRAFT_89302,YPL065W,SPOM_SPAC1B3.07C
NEUTE1DRAFT_119050,YOR210W,SPOM_SPAC1B3.12C
NEUTE1DRAFT_126452,YPL126W,SPOM_SPAC1B3.13
NEUTE1DRAFT_126061,YNL306W,SPOM_SPAC1B3.18C
NEUTE1DRAFT_76042,YHL013C,SPOM_SPAC1952.03
NEUTE1DRAFT_149762,YOR368W,SPOM_SPAC1952.07
NEUTE1DRAFT_64379,YBL015W,SPOM_SPAC1952.09C
NEUTE1DRAFT_133281,YMR165C,SPOM_SPAC1952.13
NEUTE1DRAFT_93180,YGR076C,SPOM_SPAC1952.14C
NEUTE1DRAFT_148172,YPL150W,SPOM_SPAC890.03
NEUTE1DRAFT_144428,YOR272W,SPOM_SPAC890.04C
NEUTE1DRAFT_73486,YGR280C,SPOM_SPAC890.05
NEUTE1DRAFT_81115,YCL001W,SPOM_SPAC22E12.05C
NEUTE1DRAFT_72406,YMR235C,SPOM_SPAC22E12.07
NEUTE1DRAFT_133220,YNL238W,SPOM_SPAC22E12.09C
NEUTE1DRAFT_87247,YER141W,SPOM_SPAC22E12.10C
NEUTE1DRAFT_121645,YLR009W,SPOM_SPAC22E12.13C
NEUTE1DRAFT_81035,YNL267W,SPOM_SPAC22E12.16C
NEUTE1DRAFT_80252,YER122C,SPOM_SPAC22E12.17C
NEUTE1DRAFT_84339,YCR033W,SPOM_SPAC22E12.19
NEUTE1DRAFT_89080,YDR090C,SPOM_SPAC2E12.03C
NEUTE1DRAFT_121367,YPR085C,SPOM_SPAC1006.02
NEUTE1DRAFT_45744,YDL200C,SPOM_SPAC1250.04C
NEUTE1DRAFT_76377,YPL086C,SPOM_SPAC29A4.20
NEUTE1DRAFT_119655,YDR023W,SPOM_SPAC29A4.15
NEUTE1DRAFT_76432,YDR412W,SPOM_SPAC29A4.09
NEUTE1DRAFT_145973,YLL036C,SPOM_SPAC29A4.08C
NEUTE1DRAFT_127587,YLR175W,SPOM_SPAC29A4.04C
NEUTE1DRAFT_58129,YBR146W,SPOM_SPAC29A4.03C
NEUTE1DRAFT_83020,YPL160W,SPOM_SPAC26F1.13C
NEUTE1DRAFT_128566,YGR187C,SPOM_SPAC26F1.12C
NEUTE1DRAFT_77391,YGL140C,SPOM_SPAC26F1.08C
NEUTE1DRAFT_116856,YCL057C-A,SPOM_SPAPJ691.03
NEUTE1DRAFT_115968,YHR148W,SPOM_SPAC19D5.05C
NEUTE1DRAFT_119557,YGL246C,SPOM_SPAC19D5.06C
NEUTE1DRAFT_125203,YOL034W,SPOM_SPAC14C4.02C
NEUTE1DRAFT_126784,YER173W,SPOM_SPAC14C4.13
NEUTE1DRAFT_126540,YBL099W,SPOM_SPAC14C4.14
NEUTE1DRAFT_74588,YIL007C,SPOM_SPAC2H10.02C
NEUTE1DRAFT_70523,YDR128W,SPOM_SPAC11E3.05
NEUTE1DRAFT_149253,YOR332W,SPOM_SPAC11E3.07
NEUTE1DRAFT_67553,YJR112W-A,SPOM_SPAC11E3.10
NEUTE1DRAFT_117101,YAL016W,SPOM_SPAP8A3.09C
NEUTE1DRAFT_129127,YHR168W,SPOM_SPAP8A3.11C
NEUTE1DRAFT_75933,YPL206C,SPOM_SPAC4D7.02C
NEUTE1DRAFT_84674,YBR002C,SPOM_SPAC4D7.04C
NEUTE1DRAFT_77927,YBR213W,SPOM_SPAC4D7.06C
NEUTE1DRAFT_66143,YOR260W,SPOM_SPAC4D7.09
NEUTE1DRAFT_91889,YLR243W,SPOM_SPAC4D7.12C
NEUTE1DRAFT_126217,YKL012W,SPOM_SPAC4D7.13
NEUTE1DRAFT_72572,YOR111W,SPOM_SPAC3G6.03C
NEUTE1DRAFT_75195,YNL175C,SPOM_SPAC3G6.04
NEUTE1DRAFT_147626,YPL008W,SPOM_SPAC3G6.11
NEUTE1DRAFT_36678,YNL063W,SPOM_SPAC29B12.05C
NEUTE1DRAFT_124350,YNL288W,SPOM_SPAC29B12.06C
NEUTE1DRAFT_58151,YPL085W,SPOM_SPAC29B12.07
NEUTE1DRAFT_119073,YGL196W,SPOM_SPAC1039.06
NEUTE1DRAFT_131584,YLR220W,SPOM_SPBC1683.10C
NEUTE1DRAFT_115595,YFR044C,SPOM_SPBC1198.08
NEUTE1DRAFT_66484,YCR024C,SPOM_SPBC1198.10C
NEUTE1DRAFT_92770,YGR005C,SPOM_SPBC1198.13C
NEUTE1DRAFT_144541,YAR007C,SPOM_SPBC660.13C
NEUTE1DRAFT_65900,YNR032C-A,SPOM_SPBC31E1.03
NEUTE1DRAFT_147296,YOR036W,SPOM_SPBC31E1.04
NEUTE1DRAFT_57767,YDL207W,SPOM_SPBC31E1.05
NEUTE1DRAFT_60894,YPL217C,SPOM_SPBC31E1.06
NEUTE1DRAFT_147039,YNL021W,SPOM_SPBC800.03
NEUTE1DRAFT_147038,YOL077C,SPOM_SPBC800.06
NEUTE1DRAFT_147782,YNL062C,SPOM_SPBC800.08
NEUTE1DRAFT_130717,YPR129W,SPOM_SPBC800.09
NEUTE1DRAFT_119436,YIL010W,SPOM_SPBC1773.02C
NEUTE1DRAFT_81139,YHR019C,SPOM_SPBC1773.10C
NEUTE1DRAFT_85676,YOL023W,SPOM_SPBC1271.15C
NEUTE1DRAFT_76230,YMR062C,SPOM_SPBC1271.14
NEUTE1DRAFT_58057,YJL063C,SPOM_SPBC1271.13
NEUTE1DRAFT_93699,YOR052C,SPOM_SPBC1271.05C
NEUTE1DRAFT_65655,YHR068W,SPOM_SPBC1271.04C
NEUTE1DRAFT_150374,YGL022W,SPOM_SPBC1271.02
NEUTE1DRAFT_71579,YDL028C,SPOM_SPBC106.01
NEUTE1DRAFT_150719,YML035C,SPOM_SPBC106.04
NEUTE1DRAFT_89647,YDL143W,SPOM_SPBC106.06
NEUTE1DRAFT_58765,YGR147C,SPOM_SPBC106.07C
NEUTE1DRAFT_86821,YNL172W,SPOM_SPBC106.09
NEUTE1DRAFT_122510,YIL097W,SPOM_SPBC106.13
NEUTE1DRAFT_64288,YGR245C,SPOM_SPBC106.14C
NEUTE1DRAFT_145121,YPL117C,SPOM_SPBC106.15
NEUTE1DRAFT_116829,YOL038W,SPOM_SPBC106.16
NEUTE1DRAFT_79701,YJL085W,SPOM_SPBC106.20
NEUTE1DRAFT_69251,YPR108W,SPOM_SPBC582.07C
NEUTE1DRAFT_118067,YOL147C,SPOM_SPBC582.09
NEUTE1DRAFT_126419,YOL058W,SPOM_SPBC428.05C
NEUTE1DRAFT_88248,YBR095C,SPOM_SPBC428.06C
NEUTE1DRAFT_65014,YLR303W,SPOM_SPBC428.11
NEUTE1DRAFT_122957,YIL106W,SPOM_SPBC428.13C
NEUTE1DRAFT_57240,YGR210C,SPOM_SPBC428.15
NEUTE1DRAFT_119397,YMR093W,SPOM_SPBC428.19C
NEUTE1DRAFT_61242,YMR078C,SPOM_SPBC902.02C
NEUTE1DRAFT_60434,YAL009W,SPOM_SPBC902.03
NEUTE1DRAFT_145320,YIR022W,SPOM_SPBC1685.03
NEUTE1DRAFT_113675,YPL181W,SPOM_SPBC1685.08
NEUTE1DRAFT_131084,YNL212W,SPOM_SPBC1685.14C
NEUTE1DRAFT_122777,YMR201C,SPOM_SPBC649.03
NEUTE1DRAFT_116142,YLR378C,SPOM_SPBC354.02C
NEUTE1DRAFT_96299,YPL013C,SPOM_SPBC354.06
NEUTE1DRAFT_97680,YEL013W,SPOM_SPBC354.14C
NEUTE1DRAFT_129580,YAR014C,SPOM_SPBC1706.01
NEUTE1DRAFT_82395,YBR179C,SPOM_SPBC1706.03
NEUTE1DRAFT_79667,YKL165C,SPOM_SPBC839.08C
NEUTE1DRAFT_80046,YGR013W,SPOM_SPBC839.10
NEUTE1DRAFT_146213,YPL244C,SPOM_SPBC839.11C
NEUTE1DRAFT_82502,YIL064W,SPOM_SPBC839.14C
NEUTE1DRAFT_72274,YGR095C,SPOM_SPBC115.01C
NEUTE1DRAFT_111647,YDR527W,SPOM_SPBC947.13
NEUTE1DRAFT_120221,YKL034W,SPOM_SPBC947.10
NEUTE1DRAFT_123605,YBR215W,SPOM_SPBC947.08C
NEUTE1DRAFT_124027,YBR003W,SPOM_SPBPJ4664.01
NEUTE1DRAFT_67419,YDL145C,SPOM_SPBPJ4664.04
NEUTE1DRAFT_67422,YOR336W,SPOM_SPBPJ4664.06
NEUTE1DRAFT_46079,YER021W,SPOM_SPBC119.01
NEUTE1DRAFT_59882,YBR097W,SPOM_SPBC119.07
NEUTE1DRAFT_83859,YMR239C,SPOM_SPBC119.11C
NEUTE1DRAFT_130300,YOR216C,SPOM_SPBC119.12
NEUTE1DRAFT_73080,YGR091W,SPOM_SPBC119.13C
NEUTE1DRAFT_79233,YJR072C,SPOM_SPBC119.15
NEUTE1DRAFT_63171,YKL047W,SPOM_SPBC119.16C
NEUTE1DRAFT_57607,YDR430C,SPOM_SPBC119.17
NEUTE1DRAFT_150315,YLR305C,SPOM_SPBC577.06C
NEUTE1DRAFT_75709,YFR005C,SPOM_SPBC577.07
NEUTE1DRAFT_120422,YDR030C,SPOM_SPBC577.09
NEUTE1DRAFT_73167,YLR143W,SPOM_SPBC577.12
NEUTE1DRAFT_122088,YMR012W,SPOM_SPBC530.06C
NEUTE1DRAFT_130134,YBL030C,SPOM_SPBC530.10C
NEUTE1DRAFT_122867,YLR384C,SPOM_SPBC36.07
NEUTE1DRAFT_144189,YDL030W,SPOM_SPBC36.09
NEUTE1DRAFT_146088,YDL178W,SPOM_SPBC713.03
NEUTE1DRAFT_144401,YCR057C,SPOM_SPBC713.04C
NEUTE1DRAFT_133805,YDR452W,SPOM_SPBC713.07C
NEUTE1DRAFT_76627,YOL026C,SPOM_SPBC713.08
NEUTE1DRAFT_87585,YJL104W,SPOM_SPBC713.10
NEUTE1DRAFT_116406,YGR175C,SPOM_SPBC713.12
NEUTE1DRAFT_49310,YCL033C,SPOM_SPBC216.04C
NEUTE1DRAFT_119688,YNL273W,SPOM_SPBC216.06C
NEUTE1DRAFT_67078,YHR190W,SPOM_SPBC646.05C
NEUTE1DRAFT_117529,YDL015C,SPOM_SPBC646.07C
NEUTE1DRAFT_147767,YLR197W,SPOM_SPBC646.10C
NEUTE1DRAFT_66790,YDR188W,SPOM_SPBC646.11
NEUTE1DRAFT_130633,YNL261W,SPOM_SPBC646.14C
NEUTE1DRAFT_56257,YGL011C,SPOM_SPBC646.16
NEUTE1DRAFT_127544,YLR298C,SPOM_SPBP35G2.09
NEUTE1DRAFT_150844,YNL245C,SPOM_SPBC146.05C
NEUTE1DRAFT_73350,YDR262W,SPOM_SPBC146.10
NEUTE1DRAFT_149364,YMR109W,SPOM_SPBC146.13C
NEUTE1DRAFT_79445,YDR238C,SPOM_SPBC146.14C
NEUTE1DRAFT_75508,YDR289C,SPOM_SPBC337.03
NEUTE1DRAFT_130006,YJL008C,SPOM_SPBC337.05C
NEUTE1DRAFT_56420,YKR071C,SPOM_SPBC337.10C
NEUTE1DRAFT_76635,YML121W,SPOM_SPBC337.13C
NEUTE1DRAFT_114768,YJL140W,SPOM_SPBC337.14
NEUTE1DRAFT_87974,YOR125C,SPOM_SPBC337.15C
NEUTE1DRAFT_124377,YJR073C,SPOM_SPBC337.16
NEUTE1DRAFT_60600,YDR365C,SPOM_SPBC1734.01C
NEUTE1DRAFT_80286,YNL256W,SPOM_SPBC1734.03
NEUTE1DRAFT_68602,YHL002W,SPOM_SPBC1734.08
NEUTE1DRAFT_150720,YEL004W,SPOM_SPBC1734.09
NEUTE1DRAFT_133837,YJR141W,SPOM_SPBC1734.10C
NEUTE1DRAFT_88888,YNR030W,SPOM_SPBC1734.12C
NEUTE1DRAFT_118790,YBR039W,SPOM_SPBC1734.13
NEUTE1DRAFT_125336,YBR135W,SPOM_SPBC1734.14C
NEUTE1DRAFT_125714,YNR015W,SPOM_SPBC1709.06
NEUTE1DRAFT_69544,YLR100W,SPOM_SPBC1709.07
NEUTE1DRAFT_89273,YDR301W,SPOM_SPBC1709.08
NEUTE1DRAFT_45078,YNL259C,SPOM_SPBC1709.10C
NEUTE1DRAFT_126890,YPL096W,SPOM_SPBC1709.14
NEUTE1DRAFT_130968,YLR115W,SPOM_SPBC1709.15C
NEUTE1DRAFT_90080,YOR241W,SPOM_SPBC1709.17
NEUTE1DRAFT_32406,YKL040C,SPOM_SPBC1709.19C
NEUTE1DRAFT_121920,YAL034W-A,SPOM_SPBC409.04C
NEUTE1DRAFT_117111,YDR328C,SPOM_SPBC409.05
NEUTE1DRAFT_118873,YAR015W,SPOM_SPBC409.10
NEUTE1DRAFT_118973,YOL143C,SPOM_SPBC409.13
NEUTE1DRAFT_124807,YLR435W,SPOM_SPBC409.15
NEUTE1DRAFT_90437,YDL212W,SPOM_SPBC409.20C
NEUTE1DRAFT_91842,YBR171W,SPOM_SPBC409.21
NEUTE1DRAFT_149218,YPL183C,SPOM_SPBC1306.02
NEUTE1DRAFT_148075,YMR265C,SPOM_SPBC4.02C
NEUTE1DRAFT_127159,YBL023C,SPOM_SPBC4.04C
NEUTE1DRAFT_115902,YDL007W,SPOM_SPBC4.07C
NEUTE1DRAFT_95174,YDL235C,SPOM_SPBC725.02
NEUTE1DRAFT_92604,YDR244W,SPOM_SPBC725.07
NEUTE1DRAFT_144312,YCR009C,SPOM_SPBC725.09C
NEUTE1DRAFT_126747,YGL237C,SPOM_SPBC725.11C
NEUTE1DRAFT_136295,YJL072C,SPOM_SPBC725.13C
NEUTE1DRAFT_136137,YJL071W,SPOM_SPBC725.14
NEUTE1DRAFT_148269,YJL126W,SPOM_SPBC651.02
NEUTE1DRAFT_80413,YFL027C,SPOM_SPBC651.03C
NEUTE1DRAFT_121832,YPL002C,SPOM_SPBC651.05C
NEUTE1DRAFT_87908,YOR116C,SPOM_SPBC651.08C
NEUTE1DRAFT_124773,YGL244W,SPOM_SPBC651.09C
NEUTE1DRAFT_121192,YGL086W,SPOM_SPBC3D6.04C
NEUTE1DRAFT_84553,YOR311C,SPOM_SPBC3D6.05
NEUTE1DRAFT_146852,YPL175W,SPOM_SPBC3D6.07
NEUTE1DRAFT_45645,YJL124C,SPOM_SPBC3D6.08C
NEUTE1DRAFT_149501,YBL019W,SPOM_SPBC3D6.10
NEUTE1DRAFT_133847,YLR129W,SPOM_SPBC3D6.12
NEUTE1DRAFT_123912,YNL224C,SPOM_SPBC30B4.02C
NEUTE1DRAFT_127323,YGL238W,SPOM_SPBC30B4.05
NEUTE1DRAFT_81777,YGL236C,SPOM_SPBC30B4.06C
NEUTE1DRAFT_147077,YPR056W,SPOM_SPBC30B4.07C
NEUTE1DRAFT_81288,YLL006W,SPOM_SPBC27B12.01C
NEUTE1DRAFT_58359,YNL127W,SPOM_SPBC27B12.04C
NEUTE1DRAFT_62553,YLL031C,SPOM_SPBC27B12.06
NEUTE1DRAFT_57808,YMR203W,SPOM_SPBC27B12.13
NEUTE1DRAFT_66205,YBL076C,SPOM_SPBC8D2.06
NEUTE1DRAFT_146653,YGR021W,SPOM_SPBC8D2.12C
NEUTE1DRAFT_73751,YLR026C,SPOM_SPBC8D2.14C
NEUTE1DRAFT_144962,YER043C,SPOM_SPBC8D2.18C
NEUTE1DRAFT_147257,YDL195W,SPOM_SPBC8D2.20C
NEUTE1DRAFT_92566,YPL063W,SPOM_SPBC17A3.01C
NEUTE1DRAFT_117516,YNL032W,SPOM_SPBC17A3.03C
NEUTE1DRAFT_132408,YGR264C,SPOM_SPBC17A3.04C
NEUTE1DRAFT_123456,YBL055C,SPOM_SPBC17A3.08
NEUTE1DRAFT_65646,YJL046W,SPOM_SPBC17A3.09C
NEUTE1DRAFT_72255,YDR265W,SPOM_SPBC17A3.10
NEUTE1DRAFT_73283,YPR112C,SPOM_SPBP22H7.02C
NEUTE1DRAFT_110851,YNL129W,SPOM_SPBP22H7.06
NEUTE1DRAFT_51277,YPL151C,SPOM_SPBP22H7.07
NEUTE1DRAFT_117080,YOR212W,SPOM_SPBC32H8.07
NEUTE1DRAFT_66075,YGL065C,SPOM_SPBC11B10.01
NEUTE1DRAFT_79058,YIL116W,SPOM_SPBC11B10.02C
NEUTE1DRAFT_84413,YOL012C,SPOM_SPBC11B10.10C
NEUTE1DRAFT_89091,YGR112W,SPOM_SPBC1215.01
NEUTE1DRAFT_131427,YOL076W,SPOM_SPBC1215.02C
NEUTE1DRAFT_66226,YMR302C,SPOM_SPBC83.05
NEUTE1DRAFT_117788,YPL183W-A,SPOM_SPBC83.06C
NEUTE1DRAFT_147343,YPL235W,SPOM_SPBC83.08
NEUTE1DRAFT_147142,YMR241W,SPOM_SPBC83.13
NEUTE1DRAFT_65455,YBR087W,SPOM_SPBC83.14C
NEUTE1DRAFT_115822,YOR298C-A,SPOM_SPBC83.17
NEUTE1DRAFT_143639,YNL152W,SPOM_SPBC83.18C
NEUTE1DRAFT_120299,YNL149C,SPOM_SPBC27.01C
NEUTE1DRAFT_129143,YKL052C,SPOM_SPBC27.02C
NEUTE1DRAFT_119209,YPL098C,SPOM_SPBC27.06C
NEUTE1DRAFT_118529,YJR010W,SPOM_SPBC27.08C
NEUTE1DRAFT_83932,YOR091W,SPOM_SPBC28F2.02
NEUTE1DRAFT_125348,YOL009C,SPOM_SPBC28F2.06C
NEUTE1DRAFT_91976,YOR194C,SPOM_SPBC28F2.09
NEUTE1DRAFT_90398,YDR176W,SPOM_SPBC28F2.10C
NEUTE1DRAFT_70543,YDL140C,SPOM_SPBC28F2.12
NEUTE1DRAFT_94837,YIL102C-A,SPOM_SPBC21B10.11
NEUTE1DRAFT_88111,YER072W,SPOM_SPBC21B10.04C
NEUTE1DRAFT_99462,YHR143W-A,SPOM_SPBC19C2.03
NEUTE1DRAFT_116181,YKL060C,SPOM_SPBC19C2.07
NEUTE1DRAFT_117134,YPR100W,SPOM_SPBC19C2.12
NEUTE1DRAFT_80998,YNL119W,SPOM_SPBC19C2.13C
NEUTE1DRAFT_107812,YLR147C,SPOM_SPBC19C2.14
NEUTE1DRAFT_82561,YJL097W,SPOM_SPBC19C2.15C
NEUTE1DRAFT_81441,YGL130W,SPOM_SPBC2F12.08C
NEUTE1DRAFT_119573,YDR237W,SPOM_SPBC2F12.02C
NEUTE1DRAFT_116661,YGL035C,SPOM_SPBC1D7.02C
NEUTE1DRAFT_80313,YIL065C,SPOM_SPBC11G11.01
NEUTE1DRAFT_82700,YKL009W,SPOM_SPBC11G11.03
NEUTE1DRAFT_81939,YBR254C,SPOM_SPBC11G11.04
NEUTE1DRAFT_79064,YOR160W,SPOM_SPBC11G11.07
NEUTE1DRAFT_116556,YDR429C,SPOM_SPBC18H10.03
NEUTE1DRAFT_121868,YKL018W,SPOM_SPBC18H10.06C
NEUTE1DRAFT_121723,YLR438C-A,SPOM_SPBC9B6.05C
NEUTE1DRAFT_80830,YNL284C,SPOM_SPBC9B6.06
NEUTE1DRAFT_78239,YDR087C,SPOM_SPBC9B6.07
NEUTE1DRAFT_75510,YGR167W,SPOM_SPBC9B6.08
NEUTE1DRAFT_107066,YLR188W,SPOM_SPBC9B6.09C
NEUTE1DRAFT_117095,YDR168W,SPOM_SPBC9B6.10
NEUTE1DRAFT_80428,YLL032C,SPOM_SPBC28E12.02
NEUTE1DRAFT_79830,YNR054C,SPOM_SPBC28E12.05
NEUTE1DRAFT_149556,YCR032W,SPOM_SPBC28E12.06C
NEUTE1DRAFT_89443,YGR208W,SPOM_SPBC3H7.07C
NEUTE1DRAFT_84319,YIL125W,SPOM_SPBC3H7.03C
NEUTE1DRAFT_76685,YPR025C,SPOM_SPBP16F5.02
NEUTE1DRAFT_65358,YOR042W,SPOM_SPBC16E9.02C
NEUTE1DRAFT_130548,YIL157C,SPOM_SPBC16E9.03C
NEUTE1DRAFT_70534,YAL044W-A,SPOM_SPBC16E9.06C
NEUTE1DRAFT_69316,YIR001C,SPOM_SPBC16E9.12C
NEUTE1DRAFT_76326,YNR039C,SPOM_SPBC16E9.14C
NEUTE1DRAFT_44798,YGL240W,SPOM_SPBC1A4.01
NEUTE1DRAFT_62699,YCL018W,SPOM_SPBC1A4.02C
NEUTE1DRAFT_79101,YNL088W,SPOM_SPBC1A4.03C
NEUTE1DRAFT_128777,YGR046W,SPOM_SPBC1A4.06C
NEUTE1DRAFT_147084,YLL011W,SPOM_SPBC1A4.07C
NEUTE1DRAFT_123125,YJL014W,SPOM_SPBC1A4.08C
NEUTE1DRAFT_62388,YOR243C,SPOM_SPBC1A4.09
NEUTE1DRAFT_72118,YLR071C,SPOM_SPBC1A4.10C
NEUTE1DRAFT_133856,YMR123W,SPOM_SPBP23A10.02
NEUTE1DRAFT_93321,YDR511W,SPOM_SPBP23A10.03C
NEUTE1DRAFT_74716,YPR010C,SPOM_SPBP23A10.07
NEUTE1DRAFT_91937,YDR013W,SPOM_SPBP23A10.09
NEUTE1DRAFT_124407,YGL083W,SPOM_SPBP23A10.10
NEUTE1DRAFT_60169,YPR162C,SPOM_SPBP23A10.13
NEUTE1DRAFT_119079,YLR163C,SPOM_SPBP23A10.15C
NEUTE1DRAFT_132866,YDR255C,SPOM_SPBC29A3.03C
NEUTE1DRAFT_133818,YJL069C,SPOM_SPBC29A3.06
NEUTE1DRAFT_69088,YFR009W,SPOM_SPBC29A3.09C
NEUTE1DRAFT_19417,YLR318W,SPOM_SPBC29A3.14C
NEUTE1DRAFT_33363,YOR294W,SPOM_SPBC29A3.16
NEUTE1DRAFT_72823,YOR065W,SPOM_SPBC29A3.18
NEUTE1DRAFT_147718,YMR296C,SPOM_SPBC18E5.02C
NEUTE1DRAFT_119733,YHR187W,SPOM_SPBC18E5.05C
NEUTE1DRAFT_82373,YEL015W,SPOM_SPBC18E5.11C
NEUTE1DRAFT_146232,YHR024C,SPOM_SPBC18E5.12C
NEUTE1DRAFT_133171,YHR175W,SPOM_SPBC23G7.16
NEUTE1DRAFT_70806,YNL244C,SPOM_SPBC23G7.05
NEUTE1DRAFT_132661,YPR091C,SPOM_SPBC23G7.06C
NEUTE1DRAFT_149313,YLR003C,SPOM_SPBC23G7.07C
NEUTE1DRAFT_117508,YGL048C,SPOM_SPBC23G7.12C
NEUTE1DRAFT_71550,YKL207W,SPOM_SPBC1711.03
NEUTE1DRAFT_90232,YKR080W,SPOM_SPBC1711.04
NEUTE1DRAFT_103890,YKR092C,SPOM_SPBC1711.05
NEUTE1DRAFT_121715,YMR131C,SPOM_SPBC1711.07
NEUTE1DRAFT_118170,YDR214W,SPOM_SPBC1711.08
NEUTE1DRAFT_71777,YKR088C,SPOM_SPBC1711.09C
NEUTE1DRAFT_105928,YBR170C,SPOM_SPBC1711.10C
NEUTE1DRAFT_150173,YCL030C,SPOM_SPBC1711.13
NEUTE1DRAFT_150359,YLR196W,SPOM_SPBC1711.16
NEUTE1DRAFT_120976,YLR418C,SPOM_SPBC17G9.02C
NEUTE1DRAFT_74442,YER025W,SPOM_SPBC17G9.09
NEUTE1DRAFT_126763,YCR015C,SPOM_SPBC17G9.12C
NEUTE1DRAFT_72352,YIL022W,SPOM_SPBC14C8.02
NEUTE1DRAFT_115658,YBL091C,SPOM_SPBC14C8.03
NEUTE1DRAFT_65046,YCL009C,SPOM_SPBC14C8.04
NEUTE1DRAFT_119285,YBR234C,SPOM_SPBC14C8.06
NEUTE1DRAFT_150557,YEL055C,SPOM_SPBC14C8.14C
NEUTE1DRAFT_90540,YLR055C,SPOM_SPBC14C8.17C
NEUTE1DRAFT_77461,YJR088C,SPOM_SPBC15C4.01C
NEUTE1DRAFT_37375,YLR253W,SPOM_SPBC15C4.02
NEUTE1DRAFT_150134,YOR370C,SPOM_SPBC15C4.03
NEUTE1DRAFT_83242,YDR167W,SPOM_SPBC21H7.02
NEUTE1DRAFT_78348,YKR024C,SPOM_SPBC21H7.04
NEUTE1DRAFT_145523,YOL032W,SPOM_SPBC21H7.06C
NEUTE1DRAFT_76217,YOR202W,SPOM_SPBC21H7.07C
NEUTE1DRAFT_83626,YBR133C,SPOM_SPBC16H5.11C
NEUTE1DRAFT_116151,YER036C,SPOM_SPBC16H5.08C
NEUTE1DRAFT_78519,YEL024W,SPOM_SPBC16H5.06
NEUTE1DRAFT_123449,YDR390C,SPOM_SPBC16H5.03C
NEUTE1DRAFT_52541,YMR205C,SPOM_SPBC16H5.02
NEUTE1DRAFT_128764,YDR212W,SPOM_SPBC12D12.03
NEUTE1DRAFT_83556,YNL025C,SPOM_SPBC12D12.06
NEUTE1DRAFT_91576,YER087W,SPOM_SPBC24C6.03
NEUTE1DRAFT_101000,YCR063W,SPOM_SPBC24C6.11
NEUTE1DRAFT_147384,YPL020C,SPOM_SPBC19G7.09
NEUTE1DRAFT_78390,YCR077C,SPOM_SPBC19G7.10C
NEUTE1DRAFT_130751,YPL128C,SPOM_SPBC19G7.13
NEUTE1DRAFT_126573,YGR119C,SPOM_SPBC19G7.15
NEUTE1DRAFT_71860,YPR133C,SPOM_SPBC19G7.16
NEUTE1DRAFT_63175,YOR254C,SPOM_SPBC36B7.03
NEUTE1DRAFT_62941,YML080W,SPOM_SPBC36B7.04
NEUTE1DRAFT_144219,YDR468C,SPOM_SPBC36B7.07
NEUTE1DRAFT_57898,YCL004W,SPOM_SPBP18G5.02
NEUTE1DRAFT_72776,YPL169C,SPOM_SPBC1921.03C
NEUTE1DRAFT_56138,YCL010C,SPOM_SPBC1921.07C
NEUTE1DRAFT_77426,YCL017C,SPOM_SPBC21D10.11C
NEUTE1DRAFT_78382,YMR247C,SPOM_SPBC21D10.09C
NEUTE1DRAFT_150983,YBL059C-A,SPOM_SPBC21D10.07
NEUTE1DRAFT_124459,YML004C,SPOM_SPBC12C2.12C
NEUTE1DRAFT_149837,YKL104C,SPOM_SPBC12C2.11
NEUTE1DRAFT_115772,YPR069C,SPOM_SPBC12C2.07C
NEUTE1DRAFT_57860,YOR046C,SPOM_SPBC12C2.06
NEUTE1DRAFT_127697,YHR114W,SPOM_SPBC12C2.05C
NEUTE1DRAFT_129366,YER093C,SPOM_SPBC12C2.02C
NEUTE1DRAFT_71058,YGL037C,SPOM_SPBC365.20C
NEUTE1DRAFT_147903,YPL172C,SPOM_SPBC365.02C
NEUTE1DRAFT_149321,YDL213C,SPOM_SPBC365.04C
NEUTE1DRAFT_149508,YDR088C,SPOM_SPBC365.05C
NEUTE1DRAFT_92625,YJR134C,SPOM_SPBC365.07C
NEUTE1DRAFT_58110,YOR077W,SPOM_SPBC365.09C
NEUTE1DRAFT_60307,YNL059C,SPOM_SPBC365.10
NEUTE1DRAFT_121592,YHR172W,SPOM_SPBC365.15
NEUTE1DRAFT_116342,YHR042W,SPOM_SPBC29A10.01
NEUTE1DRAFT_75330,YPR018W,SPOM_SPBC29A10.03C
NEUTE1DRAFT_57489,YFL008W,SPOM_SPBC29A10.04
NEUTE1DRAFT_148061,YMR129W,SPOM_SPBC29A10.07
NEUTE1DRAFT_62623,YNR021W,SPOM_SPBC2G5.01
NEUTE1DRAFT_68471,YGL211W,SPOM_SPBC2G5.03
NEUTE1DRAFT_56465,YML067C,SPOM_SPBC2G5.04C
NEUTE1DRAFT_115859,YPR074C,SPOM_SPBC2G5.05
NEUTE1DRAFT_124552,YMR140W,SPOM_SPBC25B2.03
NEUTE1DRAFT_89174,YMR097C,SPOM_SPBC25B2.04C
NEUTE1DRAFT_61524,YCL059C,SPOM_SPBC25B2.05
NEUTE1DRAFT_64107,YDR341C,SPOM_SPBC25B2.09C
NEUTE1DRAFT_98020,YJR090C,SPOM_SPBC25B2.11
NEUTE1DRAFT_63999,YPL082C,SPOM_SPBC1826.01C
NEUTE1DRAFT_75898,YHR171W,SPOM_SPBC6B1.05C
NEUTE1DRAFT_88617,YBR055C,SPOM_SPBC6B1.07
NEUTE1DRAFT_74127,YER049W,SPOM_SPBC6B1.08C
NEUTE1DRAFT_89270,YFR019W,SPOM_SPBC3E7.01
NEUTE1DRAFT_66370,YPL225W,SPOM_SPBC3E7.07C
NEUTE1DRAFT_70166,YGR258C,SPOM_SPBC3E7.08C
NEUTE1DRAFT_129667,YOR154W,SPOM_SPBC3E7.09
NEUTE1DRAFT_85251,YLR244C,SPOM_SPBC3E7.10
NEUTE1DRAFT_87798,YBR142W,SPOM_SPBC4F6.07C
NEUTE1DRAFT_48634,YML009C,SPOM_SPBC4F6.08C
NEUTE1DRAFT_128971,YML096W,SPOM_SPBC4F6.11C
NEUTE1DRAFT_90834,YMR049C,SPOM_SPBC4F6.13C
NEUTE1DRAFT_122010,YPL043W,SPOM_SPBC4F6.14
NEUTE1DRAFT_68281,YML095C,SPOM_SPBC4F6.15C
NEUTE1DRAFT_56261,YPL266W,SPOM_SPBC336.02
NEUTE1DRAFT_120002,YDL102W,SPOM_SPBC336.04
NEUTE1DRAFT_86567,YMR234W,SPOM_SPBC336.06C
NEUTE1DRAFT_80404,YJL025W,SPOM_SPBC336.09C
NEUTE1DRAFT_129147,YDR484W,SPOM_SPBC336.11
NEUTE1DRAFT_125468,YKL025C,SPOM_SPBC336.14C
NEUTE1DRAFT_80560,YBR156C,SPOM_SPBC336.15
NEUTE1DRAFT_83901,YNL038W,SPOM_SPBC685.05
NEUTE1DRAFT_76086,YBR060C,SPOM_SPBC685.09
NEUTE1DRAFT_84784,YGL213C,SPOM_SPBC32F12.02
NEUTE1DRAFT_118962,YMR105C,SPOM_SPBC32F12.10
NEUTE1DRAFT_118049,YMR071C,SPOM_SPBC32F12.12C
NEUTE1DRAFT_149962,YJL005W,SPOM_SPBC19C7.03
NEUTE1DRAFT_116491,YHR020W,SPOM_SPBC19C7.06
NEUTE1DRAFT_121324,YAR008W,SPOM_SPBC19C7.07C
NEUTE1DRAFT_123268,YOL141W,SPOM_SPBC19C7.08C
NEUTE1DRAFT_59993,YHR027C,SPOM_SPBP19A11.03C
NEUTE1DRAFT_38402,YIL129C,SPOM_SPBP19A11.04C
NEUTE1DRAFT_59117,YNL005C,SPOM_SPAP19A11.05C
NEUTE1DRAFT_76873,YLR433C,SPOM_SPBP4H10.04
NEUTE1DRAFT_57981,YOL052C,SPOM_SPBP4H10.05C
NEUTE1DRAFT_78781,YFR031C,SPOM_SPBP4H10.06C
NEUTE1DRAFT_87075,YOR043W,SPOM_SPBP4H10.16C
NEUTE1DRAFT_90214,YHR075C,SPOM_SPBP4H10.17C
NEUTE1DRAFT_115516,YDR489W,SPOM_SPBP4H10.21C
NEUTE1DRAFT_145124,YDL063C,SPOM_SPBC1703.03C
NEUTE1DRAFT_128509,YNL207W,SPOM_SPBC1703.05
NEUTE1DRAFT_79660,YML088W,SPOM_SPBC1703.06
NEUTE1DRAFT_116436,YER183C,SPOM_SPBC1703.08C
NEUTE1DRAFT_72102,YOL006C,SPOM_SPBC1703.14C
NEUTE1DRAFT_125962,YLR396C,SPOM_SPBC1703.15C
NEUTE1DRAFT_146775,YLL056C,SPOM_SPBC2A9.02
NEUTE1DRAFT_73037,YDR084C,SPOM_SPBC2A9.05C
NEUTE1DRAFT_91460,YDL193W,SPOM_SPBC2A9.06C
NEUTE1DRAFT_74330,YOR281C,SPOM_SPBC2A9.09
NEUTE1DRAFT_145051,YPR045C,SPOM_SPBC2A9.11C
NEUTE1DRAFT_50505,YML025C,SPOM_SPBC2D10.08C
NEUTE1DRAFT_116037,YDL014W,SPOM_SPBC2D10.10C
NEUTE1DRAFT_117137,YEL037C,SPOM_SPBC2D10.12
NEUTE1DRAFT_76678,YHR189W,SPOM_SPBC2D10.15C
NEUTE1DRAFT_58522,YOL086W-A,SPOM_SPBC2D10.16
NEUTE1DRAFT_76825,YGL119W,SPOM_SPBC2D10.18
NEUTE1DRAFT_121235,YBR243C,SPOM_SPBC15D4.04
NEUTE1DRAFT_67234,YDL149W,SPOM_SPBC15D4.07C
NEUTE1DRAFT_62995,YDL236W,SPOM_SPBC15D4.15
NEUTE1DRAFT_81623,YGR278W,SPOM_SPBC13E7.01
NEUTE1DRAFT_14975,YLR323C,SPOM_SPBC13E7.02
NEUTE1DRAFT_82138,YOR359W,SPOM_SPBC13E7.03C
NEUTE1DRAFT_117051,YDL004W,SPOM_SPBC13E7.04
NEUTE1DRAFT_131199,YJR013W,SPOM_SPBC13E7.05
NEUTE1DRAFT_90849,YOR123C,SPOM_SPBC13E7.08C
NEUTE1DRAFT_91388,YGR101W,SPOM_SPBC13E7.11
NEUTE1DRAFT_127256,YGR229C,SPOM_SPBC30D10.17C
NEUTE1DRAFT_79341,YNL124W,SPOM_SPBC30D10.15
NEUTE1DRAFT_101831,YGR215W,SPOM_SPBC30D10.12C
NEUTE1DRAFT_124073,YGR216C,SPOM_SPBC30D10.11
NEUTE1DRAFT_124604,YDL141W,SPOM_SPBC30D10.07C
NEUTE1DRAFT_55104,YOR155C,SPOM_SPBC30D10.03C
NEUTE1DRAFT_126731,YGR285C,SPOM_SPBC1778.01C
NEUTE1DRAFT_82095,YGL067W,SPOM_SPBC1778.03C
NEUTE1DRAFT_124739,YDR129C,SPOM_SPBC1778.06C
NEUTE1DRAFT_77104,YNL092W,SPOM_SPBC1778.07
NEUTE1DRAFT_117692,YLR370C,SPOM_SPBC1778.08C
NEUTE1DRAFT_66314,YJL001W,SPOM_SPBC4C3.10C
NEUTE1DRAFT_60714,YCR030C,SPOM_SPBC4C3.06
NEUTE1DRAFT_122981,YOR341W,SPOM_SPBC4C3.05C
NEUTE1DRAFT_127198,YHR025W,SPOM_SPBC4C3.03
NEUTE1DRAFT_116033,YML001W,SPOM_SPBC405.04C
NEUTE1DRAFT_61384,YNL128W,SPOM_SPBC609.02
NEUTE1DRAFT_146347,YML069W,SPOM_SPBC609.05
NEUTE1DRAFT_94929,YFR032C-A,SPOM_SPBC776.01
NEUTE1DRAFT_118234,YJR139C,SPOM_SPBC776.03
NEUTE1DRAFT_144114,YGR149W,SPOM_SPBC776.05
NEUTE1DRAFT_146378,YOR129C,SPOM_SPBC776.06C
NEUTE1DRAFT_147942,YIL070C,SPOM_SPBC776.07
NEUTE1DRAFT_85046,YGR090W,SPOM_SPBC776.08C
NEUTE1DRAFT_46597,YDL160C,SPOM_SPBC776.09
NEUTE1DRAFT_131258,YNL041C,SPOM_SPBC776.10C
NEUTE1DRAFT_130887,YLR272C,SPOM_SPBC776.13
NEUTE1DRAFT_85933,YNR008W,SPOM_SPBC776.14
NEUTE1DRAFT_120339,YCL031C,SPOM_SPBC776.17
NEUTE1DRAFT_92029,YDR460W,SPOM_SPBC776.18C
NEUTE1DRAFT_85858,YOR118W,SPOM_SPBC21.02
NEUTE1DRAFT_149950,YBR193C,SPOM_SPBC21.04
NEUTE1DRAFT_74064,YGL085W,SPOM_SPBC19F8.04C
NEUTE1DRAFT_147844,YOL022C,SPOM_SPBC25H2.15
NEUTE1DRAFT_123761,YNL262W,SPOM_SPBC25H2.13C
NEUTE1DRAFT_85496,YJL111W,SPOM_SPBC25H2.12C
NEUTE1DRAFT_67557,YBR081C,SPOM_SPBC25H2.11C
NEUTE1DRAFT_89024,YPL060W,SPOM_SPBC25H2.08C
NEUTE1DRAFT_118422,YMR260C,SPOM_SPBC25H2.07
NEUTE1DRAFT_74347,YNL263C,SPOM_SPBC25H2.06C
NEUTE1DRAFT_144396,YDL217C,SPOM_SPBC25H2.04C
NEUTE1DRAFT_123939,YLR386W,SPOM_SPBC25H2.03
NEUTE1DRAFT_131523,YJL030W,SPOM_SPBC20F10.06
NEUTE1DRAFT_83631,YMR185W,SPOM_SPBC20F10.08C
NEUTE1DRAFT_116005,YER146W,SPOM_SPBC20F10.09
NEUTE1DRAFT_144610,YOL013C,SPOM_SPBC17D11.02C
NEUTE1DRAFT_81580,YPR031W,SPOM_SPBC17D11.04C
NEUTE1DRAFT_62889,YBR079C,SPOM_SPBC17D11.05
NEUTE1DRAFT_58771,YKL045W,SPOM_SPBC17D11.06
NEUTE1DRAFT_85065,YIL075C,SPOM_SPBC17D11.07C
NEUTE1DRAFT_85790,YPL247C,SPOM_SPBC17D11.08
NEUTE1DRAFT_147885,YKL191W,SPOM_SPBC17D1.02
NEUTE1DRAFT_124213,YGL078C,SPOM_SPBC17D1.06
NEUTE1DRAFT_88077,YIL144W,SPOM_SPBC11C11.03
NEUTE1DRAFT_80139,YOR349W,SPOM_SPBC11C11.04C
NEUTE1DRAFT_119587,YNL292W,SPOM_SPBC11C11.10
NEUTE1DRAFT_74992,YHR004C,SPOM_SPBC3B8.10C
NEUTE1DRAFT_82114,YDL153C,SPOM_SPBC3B8.09
NEUTE1DRAFT_83361,YIL103W,SPOM_SPBC3B8.05
NEUTE1DRAFT_64832,YNR013C,SPOM_SPBC3B8.04C
NEUTE1DRAFT_58317,YNR050C,SPOM_SPBC3B8.03
NEUTE1DRAFT_116947,YOR358W,SPOM_SPBC3B8.02
NEUTE1DRAFT_146404,YPL178W,SPOM_SPBC13A2.01C
NEUTE1DRAFT_128204,YBR029C,SPOM_SPBC13A2.03
NEUTE1DRAFT_72518,YDR531W,SPOM_SPBC4B4.01C
NEUTE1DRAFT_78961,YPR155C,SPOM_SPBC4B4.02C
NEUTE1DRAFT_85682,YGR054W,SPOM_SPBC4B4.04
NEUTE1DRAFT_148884,YJR102C,SPOM_SPBC4B4.06
NEUTE1DRAFT_72208,YML046W,SPOM_SPBC4B4.09
NEUTE1DRAFT_34266,YPL149W,SPOM_SPBC4B4.10C
NEUTE1DRAFT_123655,YLR195C,SPOM_SPBC2G2.11
NEUTE1DRAFT_46170,YPR033C,SPOM_SPBC2G2.12
NEUTE1DRAFT_127453,YHR144C,SPOM_SPBC2G2.13C
NEUTE1DRAFT_132129,YBL011W,SPOM_SPBC1718.04
NEUTE1DRAFT_77828,YDR472W,SPOM_SPBC1718.05
NEUTE1DRAFT_84136,YBL038W,SPOM_SPBC1105.03C
NEUTE1DRAFT_79899,YOR174W,SPOM_SPBC1105.06
NEUTE1DRAFT_44368,YJR033C,SPOM_SPBC1105.10
NEUTE1DRAFT_70327,YIR015W,SPOM_SPBC1105.16C
NEUTE1DRAFT_97551,YLR281C,SPOM_SPBC1105.18C
NEUTE1DRAFT_63115,YMR009W,SPOM_SPBC887.01
NEUTE1DRAFT_63501,YLR002C,SPOM_SPBC887.03C
NEUTE1DRAFT_125653,YKL213C,SPOM_SPBC887.04C
NEUTE1DRAFT_150582,YIR005W,SPOM_SPBC887.05C
NEUTE1DRAFT_117160,YKL170W,SPOM_SPBC887.07
NEUTE1DRAFT_126614,YLR006C,SPOM_SPBC887.10
NEUTE1DRAFT_41476,YDR297W,SPOM_SPBC887.15C
NEUTE1DRAFT_75094,YPL254W,SPOM_SPBC887.18C
NEUTE1DRAFT_47350,YBL020W,SPOM_SPBC887.19
NEUTE1DRAFT_74784,YBR248C,SPOM_SPBC418.01C
NEUTE1DRAFT_72956,YDR161W,SPOM_SPBC16D10.01C
NEUTE1DRAFT_79436,YOL124C,SPOM_SPBC16D10.02
NEUTE1DRAFT_76802,YKR038C,SPOM_SPBC16D10.03
NEUTE1DRAFT_131702,YHR164C,SPOM_SPBC16D10.04C
NEUTE1DRAFT_126986,YBR088C,SPOM_SPBC16D10.09
NEUTE1DRAFT_128865,YDR435C,SPOM_SPBP8B7.08C
NEUTE1DRAFT_122182,YKL205W,SPOM_SPBP8B7.09C
NEUTE1DRAFT_120353,YPR175W,SPOM_SPBP8B7.14C
NEUTE1DRAFT_144251,YGL207W,SPOM_SPBP8B7.19
NEUTE1DRAFT_150546,YNL061W,SPOM_SPBP8B7.20C
NEUTE1DRAFT_130569,YBL040C,SPOM_SPBP8B7.22
NEUTE1DRAFT_88138,YLR427W,SPOM_SPBP8B7.23
NEUTE1DRAFT_117293,YBL078C,SPOM_SPBP8B7.24C
NEUTE1DRAFT_116586,YER134C,SPOM_SPBP8B7.31
NEUTE1DRAFT_150889,YDR324C,SPOM_SPBC19F5.02C
NEUTE1DRAFT_115726,YER052C,SPOM_SPBC19F5.04
NEUTE1DRAFT_149748,YGR103W,SPOM_SPBC19F5.05C
NEUTE1DRAFT_88816,YBR202W,SPOM_SPBC25D12.03C
NEUTE1DRAFT_116815,YJL026W,SPOM_SPBC25D12.04
NEUTE1DRAFT_99305,YNL137C,SPOM_SPBC13G1.01C
NEUTE1DRAFT_69396,YGL153W,SPOM_SPBC13G1.03C
NEUTE1DRAFT_68191,YER140W,SPOM_SPBC13G1.05
NEUTE1DRAFT_96436,YER048W-A,SPOM_SPBC13G1.06C
NEUTE1DRAFT_121493,YLR015W,SPOM_SPBC13G1.08C
NEUTE1DRAFT_120975,YBR247C,SPOM_SPBC13G1.09
NEUTE1DRAFT_117105,YKL196C,SPOM_SPBC13G1.11
NEUTE1DRAFT_119120,YKR035W-A,SPOM_SPBC13G1.12
NEUTE1DRAFT_87562,YPL122C,SPOM_SPBC13G1.13
NEUTE1DRAFT_91726,YER163C,SPOM_SPBC31F10.03
NEUTE1DRAFT_126873,YER022W,SPOM_SPBC31F10.04C
NEUTE1DRAFT_117049,YPL218W,SPOM_SPBC31F10.06C
NEUTE1DRAFT_140386,YCL034W,SPOM_SPBC31F10.07
NEUTE1DRAFT_81968,YPR168W,SPOM_SPBC31F10.09C
NEUTE1DRAFT_57649,YMR100W,SPOM_SPBC31F10.10C
NEUTE1DRAFT_73077,YLR117C,SPOM_SPBC31F10.11C
NEUTE1DRAFT_121353,YER007C-A,SPOM_SPBC31F10.12
NEUTE1DRAFT_99457,YJR140C,SPOM_SPBC31F10.14C
NEUTE1DRAFT_90766,YAL013W,SPOM_SPBC21C3.02C
NEUTE1DRAFT_124544,YPL109C,SPOM_SPBC21C3.03
NEUTE1DRAFT_58499,YDR115W,SPOM_SPBC21C3.04C
NEUTE1DRAFT_121415,YDL043C,SPOM_SPBC21C3.05
NEUTE1DRAFT_77456,YOR239W,SPOM_SPBC21C3.07C
NEUTE1DRAFT_116977,YLR438W,SPOM_SPBC21C3.08C
NEUTE1DRAFT_88956,YHR039C,SPOM_SPBC21C3.15C
NEUTE1DRAFT_127799,YGR063C,SPOM_SPBC21C3.16C
NEUTE1DRAFT_119291,YHR087W,SPOM_SPBC21C3.19
NEUTE1DRAFT_107373,YJR062C,SPOM_SPBC23E6.03C
NEUTE1DRAFT_63498,YJL109C,SPOM_SPBC23E6.04C
NEUTE1DRAFT_69559,YDR487C,SPOM_SPBC23E6.06C
NEUTE1DRAFT_65464,YDR137W,SPOM_SPBC23E6.08
NEUTE1DRAFT_65565,YBR112C,SPOM_SPBC23E6.09
NEUTE1DRAFT_67681,YPR118W,SPOM_SPBC23E6.10C
NEUTE1DRAFT_129663,YDR041W,SPOM_SPBC211.01
NEUTE1DRAFT_145530,YDR416W,SPOM_SPBC211.02C
NEUTE1DRAFT_121681,YGL201C,SPOM_SPBC211.04C
NEUTE1DRAFT_18609,YNL138W-A,SPOM_SPBC211.05
NEUTE1DRAFT_96207,YEL012W,SPOM_SPBC211.07C
NEUTE1DRAFT_79727,YGR158C,SPOM_SPBC211.08C
NEUTE1DRAFT_129215,YJL049W,SPOM_SPBC1604.18C
NEUTE1DRAFT_68676,YHR188C,SPOM_SPBC1604.15
NEUTE1DRAFT_147547,YCR003W,SPOM_SPBC1604.13C
NEUTE1DRAFT_116720,YDR377W,SPOM_SPBC1604.11
NEUTE1DRAFT_61756,YDR308C,SPOM_SPBC1604.10
NEUTE1DRAFT_80552,YOL080C,SPOM_SPBC1604.09C
NEUTE1DRAFT_119204,YPL078C,SPOM_SPBC1604.07
NEUTE1DRAFT_92790,YPR144C,SPOM_SPBC1604.06C
NEUTE1DRAFT_116602,YBR196C,SPOM_SPBC1604.05
NEUTE1DRAFT_139764,YER086W,SPOM_SPBC1677.03C
NEUTE1DRAFT_95662,YGR144W,SPOM_SPBC26H8.01
NEUTE1DRAFT_145535,YGR157W,SPOM_SPBC26H8.03
NEUTE1DRAFT_120918,YJR138W,SPOM_SPBC26H8.04C
NEUTE1DRAFT_126526,YLL009C,SPOM_SPBC26H8.14C
NEUTE1DRAFT_150239,YER006W,SPOM_SPBC26H8.08C
NEUTE1DRAFT_131836,YAL039C,SPOM_SPBC26H8.12
NEUTE1DRAFT_75392,YBR101C,SPOM_SPBC3B9.01
NEUTE1DRAFT_121849,YOR148C,SPOM_SPBC3B9.02C
NEUTE1DRAFT_150870,YDR292C,SPOM_SPBC3B9.03
NEUTE1DRAFT_87119,YDR316W,SPOM_SPBC3B9.04
NEUTE1DRAFT_89550,YNR007C,SPOM_SPBC3B9.06C
NEUTE1DRAFT_74801,YOR340C,SPOM_SPBC3B9.07C
NEUTE1DRAFT_145052,YLR417W,SPOM_SPBC3B9.09
NEUTE1DRAFT_118297,YMR197C,SPOM_SPBC3B9.10
NEUTE1DRAFT_143187,YDR246W,SPOM_SPBC3B9.12
NEUTE1DRAFT_78879,YMR024W,SPOM_SPBC3B9.14C
NEUTE1DRAFT_80895,YPR067W,SPOM_SPBC3B9.17
NEUTE1DRAFT_130327,YOR232W,SPOM_SPBC3B9.19
NEUTE1DRAFT_73915,YML094W,SPOM_SPBC215.02
NEUTE1DRAFT_72262,YCR087C-A,SPOM_SPBC215.06C
NEUTE1DRAFT_33213,YMR077C,SPOM_SPBC215.14C
NEUTE1DRAFT_118176,YLR208W,SPOM_SPBC215.15
NEUTE1DRAFT_132571,YOR346W,SPOM_SPBC1347.01C
NEUTE1DRAFT_121419,YJL054W,SPOM_SPBC1347.04
NEUTE1DRAFT_87062,YIL150C,SPOM_SPBC1347.10
NEUTE1DRAFT_76029,YOR201C,SPOM_SPBC1347.13C
NEUTE1DRAFT_80134,YNL277W,SPOM_SPBC56F2.11
NEUTE1DRAFT_60321,YPL227C,SPOM_SPBC56F2.10C
NEUTE1DRAFT_128500,YOR303W,SPOM_SPBC56F2.09C
NEUTE1DRAFT_92256,YBL004W,SPOM_SPBC56F2.04
NEUTE1DRAFT_123472,YEL053C,SPOM_SPBC1861.03
NEUTE1DRAFT_123594,YMR268C,SPOM_SPBC1861.04C
NEUTE1DRAFT_44457,YPL046C,SPOM_SPBC1861.07
NEUTE1DRAFT_124505,YER110C,SPOM_SPBC14F5.03C
NEUTE1DRAFT_116277,YCR012W,SPOM_SPBC14F5.04C
NEUTE1DRAFT_150244,YDR091C,SPOM_SPBC14F5.06
NEUTE1DRAFT_16401,YOL135C,SPOM_SPBC14F5.08
NEUTE1DRAFT_121981,YLR359W,SPOM_SPBC14F5.09C
NEUTE1DRAFT_82595,YDR481C,SPOM_SPBC14F5.13C
NEUTE1DRAFT_149856,YDL148C,SPOM_SPBC3F6.04C
NEUTE1DRAFT_91826,YDL240W,SPOM_SPBC3F6.05
NEUTE1DRAFT_114446,YOR002W,SPOM_SPBC342.01C
NEUTE1DRAFT_78273,YOR168W,SPOM_SPBC342.02
NEUTE1DRAFT_144790,YDR217C,SPOM_SPBC342.05
NEUTE1DRAFT_77663,YLL002W,SPOM_SPBC342.06C
NEUTE1DRAFT_86096,YFR052W,SPOM_SPBC16G5.01
NEUTE1DRAFT_60919,YCR036W,SPOM_SPBC16G5.02C
NEUTE1DRAFT_62260,YOR150W,SPOM_SPBC16G5.04
NEUTE1DRAFT_65272,YDL111C,SPOM_SPBC16G5.10
NEUTE1DRAFT_81659,YLR234W,SPOM_SPBC16G5.12C
NEUTE1DRAFT_122479,YNL178W,SPOM_SPBC16G5.14C
NEUTE1DRAFT_64261,YNL280C,SPOM_SPBC16G5.18
NEUTE1DRAFT_149518,YDR419W,SPOM_SPBC16A3.11
NEUTE1DRAFT_100500,YOR175C,SPOM_SPBC16A3.10
NEUTE1DRAFT_111197,YGR048W,SPOM_SPBC16A3.09C
NEUTE1DRAFT_116995,YLR150W,SPOM_SPBC16A3.08C
NEUTE1DRAFT_126133,YGL243W,SPOM_SPBC16A3.06
NEUTE1DRAFT_117522,YIL093C,SPOM_SPBC16A3.04
NEUTE1DRAFT_129633,YMR106C,SPOM_SPBC543.03C
NEUTE1DRAFT_129408,YHR169W,SPOM_SPBC543.06C
NEUTE1DRAFT_101184,YGL126W,SPOM_SPBC543.08
NEUTE1DRAFT_119181,YJR014W,SPOM_SPBC16C6.05
NEUTE1DRAFT_118564,YKL145W,SPOM_SPBC16C6.07C
NEUTE1DRAFT_120217,YKR063C,SPOM_SPBC16C6.12C
NEUTE1DRAFT_148377,YDR449C,SPOM_SPBC244.02C
NEUTE1DRAFT_116621,YLL023C,SPOM_SPBC1539.04
NEUTE1DRAFT_116440,YGR037C,SPOM_SPBC1539.06
NEUTE1DRAFT_81914,YKL211C,SPOM_SPBC1539.09C
NEUTE1DRAFT_75756,YER002W,SPOM_SPBC1539.10
NEUTE1DRAFT_133528,YNL286W,SPOM_SPBC1289.02C
NEUTE1DRAFT_92173,YPR110C,SPOM_SPBC1289.07C
NEUTE1DRAFT_70531,YDL103C,SPOM_SPBC1289.08
NEUTE1DRAFT_79331,YBR018C,SPOM_SPBPB2B2.10C
NEUTE1DRAFT_47046,Q0130,ABC794_mgp10